<?xml version="1.0" encoding="UTF-8"?>
<sbml xmlns="http://www.sbml.org/sbml/level3/version1/core" xmlns:layout="http://www.sbml.org/sbml/level3/version1/layout/version1" xmlns:comp="http://www.sbml.org/sbml/level3/version1/comp/version1" level="3" version="1" layout:required="false" comp:required="true">
  <model metaid="iBioSim1" id="aoi">
    <listOfCompartments>
      <compartment id="Cell" spatialDimensions="3" size="1" constant="true"/>
    </listOfCompartments>
    <listOfSpecies>
      <species metaid="iBioSim2" id="S0" compartment="Cell" initialAmount="0" hasOnlySubstanceUnits="true" boundaryCondition="false" constant="false"/>
      <species metaid="iBioSim3" id="S1" compartment="Cell" initialAmount="0" hasOnlySubstanceUnits="true" boundaryCondition="false" constant="false"/>
      <species metaid="iBioSim4" id="S2" compartment="Cell" initialAmount="0" hasOnlySubstanceUnits="true" boundaryCondition="false" constant="false"/>
      <species metaid="iBioSim5" id="S3" compartment="Cell" initialAmount="0" hasOnlySubstanceUnits="true" boundaryCondition="false" constant="false"/>
      <species metaid="iBioSim6" id="S4" compartment="Cell" initialAmount="0" hasOnlySubstanceUnits="true" boundaryCondition="false" constant="false"/>
      <species metaid="iBioSim7" id="S5" compartment="Cell" initialAmount="0" hasOnlySubstanceUnits="true" boundaryCondition="false" constant="false"/>
      <species metaid="iBioSim10" id="S8" compartment="Cell" initialAmount="0" hasOnlySubstanceUnits="true" boundaryCondition="false" constant="false"/>
      <species metaid="iBioSim11" id="S9" compartment="Cell" initialAmount="0" hasOnlySubstanceUnits="true" boundaryCondition="false" constant="false"/>
      <species metaid="iBioSim12" id="S10" compartment="Cell" initialAmount="0" hasOnlySubstanceUnits="true" boundaryCondition="false" constant="false"/>
      <species metaid="iBioSim14" sboTerm="SBO:0000590" id="P0" compartment="Cell" initialAmount="2" hasOnlySubstanceUnits="true" boundaryCondition="false" constant="false"/>
      <species metaid="iBioSim16" sboTerm="SBO:0000590" id="P1" compartment="Cell" initialAmount="2" hasOnlySubstanceUnits="true" boundaryCondition="false" constant="false"/>
      <species metaid="iBioSim18" sboTerm="SBO:0000590" id="P2" compartment="Cell" initialAmount="2" hasOnlySubstanceUnits="true" boundaryCondition="false" constant="false"/>
    </listOfSpecies>
    <listOfParameters>
      <parameter id="kc_f" name="Forward complex formation rate" value="0.05" constant="true"/>
      <parameter id="kc_r" name="Reverse complex formation rate" value="1" constant="true"/>
      <parameter id="nc" name="Stoichiometry of binding" value="2" constant="true"/>
      <parameter id="kr_f" name="Forward repression binding rate" value="0.5" constant="true"/>
      <parameter id="kr_r" name="Reverse repression binding rate" value="1" constant="true"/>
      <parameter id="ka_f" name="Forward activation binding rate" value="0.0033" constant="true"/>
      <parameter id="ka_r" name="Reverse activation binding rate" value="1" constant="true"/>
      <parameter id="ko_f" name="Forward RNAP binding rate" value="0.033" constant="true"/>
      <parameter id="ko_r" name="Reverse RNAP binding rate" value="1" constant="true"/>
      <parameter id="kao_f" name="Forward activated RNAP binding rate" value="1" constant="true"/>
      <parameter id="kao_r" name="Reverse activated RNAP binding rate" value="1" constant="true"/>
      <parameter id="nr" name="Initial RNAP count" value="30" constant="true"/>
      <parameter id="ko" name="Open complex production rate" value="0.05" constant="true"/>
      <parameter id="kb" name="Basal production rate" value="0.0001" constant="true"/>
      <parameter id="ng" name="Initial promoter count" value="2" constant="true"/>
      <parameter id="np" name="Stoichiometry of production" value="10" constant="true"/>
      <parameter id="ka" name="Activated production rate" value="0.25" constant="true"/>
    </listOfParameters>
    <listOfReactions>
      <reaction sboTerm="SBO:0000177" id="Complex_S4" reversible="true" fast="false" compartment="Cell">
        <listOfReactants>
          <speciesReference species="S0" stoichiometry="2" constant="true"/>
          <speciesReference species="S1" stoichiometry="2" constant="true"/>
        </listOfReactants>
        <listOfProducts>
          <speciesReference species="S4" stoichiometry="1" constant="true"/>
        </listOfProducts>
        <kineticLaw>
          <math xmlns="http://www.w3.org/1998/Math/MathML">
            <apply>
              <minus/>
              <apply>
                <times/>
                <ci> kc_f </ci>
                <apply>
                  <power/>
                  <ci> S0 </ci>
                  <ci> nc </ci>
                </apply>
                <apply>
                  <power/>
                  <ci> S1 </ci>
                  <ci> nc </ci>
                </apply>
              </apply>
              <apply>
                <times/>
                <ci> kc_r </ci>
                <ci> S4 </ci>
              </apply>
            </apply>
          </math>
        </kineticLaw>
      </reaction>
      <reaction sboTerm="SBO:0000177" id="Complex_S5" reversible="true" fast="false" compartment="Cell">
        <listOfReactants>
          <speciesReference species="S2" stoichiometry="2" constant="true"/>
          <speciesReference species="S3" stoichiometry="2" constant="true"/>
        </listOfReactants>
        <listOfProducts>
          <speciesReference species="S5" stoichiometry="1" constant="true"/>
        </listOfProducts>
        <kineticLaw>
          <math xmlns="http://www.w3.org/1998/Math/MathML">
            <apply>
              <minus/>
              <apply>
                <times/>
                <ci> kc_f </ci>
                <apply>
                  <power/>
                  <ci> S2 </ci>
                  <ci> nc </ci>
                </apply>
                <apply>
                  <power/>
                  <ci> S3 </ci>
                  <ci> nc </ci>
                </apply>
              </apply>
              <apply>
                <times/>
                <ci> kc_r </ci>
                <ci> S5 </ci>
              </apply>
            </apply>
          </math>
        </kineticLaw>
      </reaction>
      <reaction metaid="iBioSim15" sboTerm="SBO:0000589" id="Production_P0" reversible="false" fast="false" compartment="Cell">
        <listOfProducts>
          <speciesReference species="S8" stoichiometry="10" constant="true"/>
        </listOfProducts>
        <listOfModifiers>
          <modifierSpeciesReference sboTerm="SBO:0000598" species="P0"/>
          <modifierSpeciesReference sboTerm="SBO:0000459" species="S4"/>
        </listOfModifiers>
        <kineticLaw>
          <math xmlns="http://www.w3.org/1998/Math/MathML">
            <apply>
              <divide/>
              <apply>
                <times/>
                <ci> P0 </ci>
                <apply>
                  <plus/>
                  <apply>
                    <times/>
                    <ci> kb </ci>
                    <apply>
                      <divide/>
                      <ci> ko_f </ci>
                      <ci> ko_r </ci>
                    </apply>
                    <ci> nr </ci>
                  </apply>
                  <apply>
                    <times/>
                    <ci> ka </ci>
                    <apply>
                      <divide/>
                      <ci> kao_f </ci>
                      <ci> kao_r </ci>
                    </apply>
                    <ci> nr </ci>
                    <apply>
                      <power/>
                      <apply>
                        <times/>
                        <apply>
                          <divide/>
                          <ci> ka_f </ci>
                          <ci> ka_r </ci>
                        </apply>
                        <ci> S4 </ci>
                      </apply>
                      <ci> nc </ci>
                    </apply>
                  </apply>
                </apply>
              </apply>
              <apply>
                <plus/>
                <cn type="integer"> 1 </cn>
                <apply>
                  <times/>
                  <apply>
                    <divide/>
                    <ci> ko_f </ci>
                    <ci> ko_r </ci>
                  </apply>
                  <ci> nr </ci>
                </apply>
                <apply>
                  <times/>
                  <apply>
                    <divide/>
                    <ci> kao_f </ci>
                    <ci> kao_r </ci>
                  </apply>
                  <ci> nr </ci>
                  <apply>
                    <power/>
                    <apply>
                      <times/>
                      <apply>
                        <divide/>
                        <ci> ka_f </ci>
                        <ci> ka_r </ci>
                      </apply>
                      <ci> S4 </ci>
                    </apply>
                    <ci> nc </ci>
                  </apply>
                </apply>
              </apply>
            </apply>
          </math>
        </kineticLaw>
      </reaction>
      <reaction metaid="iBioSim17" sboTerm="SBO:0000589" id="Production_P1" reversible="false" fast="false" compartment="Cell">
        <listOfProducts>
          <speciesReference species="S9" stoichiometry="10" constant="true"/>
        </listOfProducts>
        <listOfModifiers>
          <modifierSpeciesReference sboTerm="SBO:0000598" species="P1"/>
          <modifierSpeciesReference sboTerm="SBO:0000459" species="S5"/>
        </listOfModifiers>
        <kineticLaw>
          <math xmlns="http://www.w3.org/1998/Math/MathML">
            <apply>
              <divide/>
              <apply>
                <times/>
                <ci> P1 </ci>
                <apply>
                  <plus/>
                  <apply>
                    <times/>
                    <ci> kb </ci>
                    <apply>
                      <divide/>
                      <ci> ko_f </ci>
                      <ci> ko_r </ci>
                    </apply>
                    <ci> nr </ci>
                  </apply>
                  <apply>
                    <times/>
                    <ci> ka </ci>
                    <apply>
                      <divide/>
                      <ci> kao_f </ci>
                      <ci> kao_r </ci>
                    </apply>
                    <ci> nr </ci>
                    <apply>
                      <power/>
                      <apply>
                        <times/>
                        <apply>
                          <divide/>
                          <ci> ka_f </ci>
                          <ci> ka_r </ci>
                        </apply>
                        <ci> S5 </ci>
                      </apply>
                      <ci> nc </ci>
                    </apply>
                  </apply>
                </apply>
              </apply>
              <apply>
                <plus/>
                <cn type="integer"> 1 </cn>
                <apply>
                  <times/>
                  <apply>
                    <divide/>
                    <ci> ko_f </ci>
                    <ci> ko_r </ci>
                  </apply>
                  <ci> nr </ci>
                </apply>
                <apply>
                  <times/>
                  <apply>
                    <divide/>
                    <ci> kao_f </ci>
                    <ci> kao_r </ci>
                  </apply>
                  <ci> nr </ci>
                  <apply>
                    <power/>
                    <apply>
                      <times/>
                      <apply>
                        <divide/>
                        <ci> ka_f </ci>
                        <ci> ka_r </ci>
                      </apply>
                      <ci> S5 </ci>
                    </apply>
                    <ci> nc </ci>
                  </apply>
                </apply>
              </apply>
            </apply>
          </math>
        </kineticLaw>
      </reaction>
      <reaction metaid="iBioSim19" sboTerm="SBO:0000589" id="Production_P2" reversible="false" fast="false" compartment="Cell">
        <listOfProducts>
          <speciesReference species="S10" stoichiometry="10" constant="true"/>
        </listOfProducts>
        <listOfModifiers>
          <modifierSpeciesReference sboTerm="SBO:0000598" species="P2"/>
          <modifierSpeciesReference sboTerm="SBO:0000020" species="S8"/>
          <modifierSpeciesReference sboTerm="SBO:0000020" species="S9"/>
        </listOfModifiers>
        <kineticLaw>
          <math xmlns="http://www.w3.org/1998/Math/MathML">
            <apply>
              <divide/>
              <apply>
                <times/>
                <ci> P2 </ci>
                <ci> ko </ci>
                <apply>
                  <divide/>
                  <ci> ko_f </ci>
                  <ci> ko_r </ci>
                </apply>
                <ci> nr </ci>
              </apply>
              <apply>
                <plus/>
                <cn type="integer"> 1 </cn>
                <apply>
                  <times/>
                  <apply>
                    <divide/>
                    <ci> ko_f </ci>
                    <ci> ko_r </ci>
                  </apply>
                  <ci> nr </ci>
                </apply>
                <apply>
                  <power/>
                  <apply>
                    <times/>
                    <apply>
                      <divide/>
                      <ci> kr_f </ci>
                      <ci> kr_r </ci>
                    </apply>
                    <ci> S8 </ci>
                  </apply>
                  <ci> nc </ci>
                </apply>
                <apply>
                  <power/>
                  <apply>
                    <times/>
                    <apply>
                      <divide/>
                      <ci> kr_f </ci>
                      <ci> kr_r </ci>
                    </apply>
                    <ci> S9 </ci>
                  </apply>
                  <ci> nc </ci>
                </apply>
              </apply>
            </apply>
          </math>
        </kineticLaw>
      </reaction>
    </listOfReactions>
    <layout:listOfLayouts xmlns:xsi="http://www.w3.org/2001/XMLSchema-instance" xmlns:layout="http://www.sbml.org/sbml/level3/version1/layout/version1">
      <layout:layout layout:id="iBioSim">
        <layout:dimensions layout:width="0" layout:height="0"/>
        <layout:listOfCompartmentGlyphs>
          <layout:compartmentGlyph layout:id="Glyph__Cell" layout:compartment="Cell">
            <layout:boundingBox>
              <layout:position layout:x="0" layout:y="0"/>
              <layout:dimensions layout:width="1070" layout:height="425"/>
            </layout:boundingBox>
          </layout:compartmentGlyph>
        </layout:listOfCompartmentGlyphs>
        <layout:listOfSpeciesGlyphs>
          <layout:speciesGlyph layout:id="Glyph__S0" layout:species="S0">
            <layout:boundingBox>
              <layout:position layout:x="130" layout:y="270"/>
              <layout:dimensions layout:width="100" layout:height="30"/>
            </layout:boundingBox>
          </layout:speciesGlyph>
          <layout:speciesGlyph layout:id="Glyph__S1" layout:species="S1">
            <layout:boundingBox>
              <layout:position layout:x="330" layout:y="270"/>
              <layout:dimensions layout:width="100" layout:height="30"/>
            </layout:boundingBox>
          </layout:speciesGlyph>
          <layout:speciesGlyph layout:id="Glyph__S2" layout:species="S2">
            <layout:boundingBox>
              <layout:position layout:x="487" layout:y="274"/>
              <layout:dimensions layout:width="100" layout:height="30"/>
            </layout:boundingBox>
          </layout:speciesGlyph>
          <layout:speciesGlyph layout:id="Glyph__S3" layout:species="S3">
            <layout:boundingBox>
              <layout:position layout:x="660" layout:y="280"/>
              <layout:dimensions layout:width="100" layout:height="30"/>
            </layout:boundingBox>
          </layout:speciesGlyph>
          <layout:speciesGlyph layout:id="Glyph__S4" layout:species="S4">
            <layout:boundingBox>
              <layout:position layout:x="240" layout:y="200"/>
              <layout:dimensions layout:width="100" layout:height="30"/>
            </layout:boundingBox>
          </layout:speciesGlyph>
          <layout:speciesGlyph layout:id="Glyph__S5" layout:species="S5">
            <layout:boundingBox>
              <layout:position layout:x="580" layout:y="200"/>
              <layout:dimensions layout:width="100" layout:height="30"/>
            </layout:boundingBox>
          </layout:speciesGlyph>
          <layout:speciesGlyph layout:id="Glyph__S8" layout:species="S8">
            <layout:boundingBox>
              <layout:position layout:x="260" layout:y="120"/>
              <layout:dimensions layout:width="100" layout:height="30"/>
            </layout:boundingBox>
          </layout:speciesGlyph>
          <layout:speciesGlyph layout:id="Glyph__S9" layout:species="S9">
            <layout:boundingBox>
              <layout:position layout:x="570" layout:y="120"/>
              <layout:dimensions layout:width="100" layout:height="30"/>
            </layout:boundingBox>
          </layout:speciesGlyph>
          <layout:speciesGlyph layout:id="Glyph__S10" layout:species="S10">
            <layout:boundingBox>
              <layout:position layout:x="410" layout:y="60"/>
              <layout:dimensions layout:width="100" layout:height="30"/>
            </layout:boundingBox>
          </layout:speciesGlyph>
        </layout:listOfSpeciesGlyphs>
        <layout:listOfReactionGlyphs>
          <layout:reactionGlyph layout:id="Glyph__S0__complex__S4">
            <layout:boundingBox>
              <layout:position layout:x="0" layout:y="0"/>
              <layout:dimensions layout:width="0" layout:height="0"/>
            </layout:boundingBox>
            <layout:listOfSpeciesReferenceGlyphs>
              <layout:speciesReferenceGlyph layout:id="Glyph__S0__product__S4" layout:speciesGlyph="Glyph__S4" layout:role="product">
                <layout:curve>
                  <layout:listOfCurveSegments>
                    <layout:curveSegment xmlns:xsi="http://www.w3.org/2001/XMLSchema-instance" xsi:type="LineSegment">
                      <layout:start layout:x="180" layout:y="285"/>
                      <layout:end layout:x="290" layout:y="215"/>
                    </layout:curveSegment>
                  </layout:listOfCurveSegments>
                </layout:curve>
              </layout:speciesReferenceGlyph>
            </layout:listOfSpeciesReferenceGlyphs>
          </layout:reactionGlyph>
          <layout:reactionGlyph layout:id="Glyph__S1__complex__S4">
            <layout:boundingBox>
              <layout:position layout:x="0" layout:y="0"/>
              <layout:dimensions layout:width="0" layout:height="0"/>
            </layout:boundingBox>
            <layout:listOfSpeciesReferenceGlyphs>
              <layout:speciesReferenceGlyph layout:id="Glyph__S1__product__S4" layout:speciesGlyph="Glyph__S4" layout:role="product">
                <layout:curve>
                  <layout:listOfCurveSegments>
                    <layout:curveSegment xmlns:xsi="http://www.w3.org/2001/XMLSchema-instance" xsi:type="LineSegment">
                      <layout:start layout:x="380" layout:y="285"/>
                      <layout:end layout:x="290" layout:y="215"/>
                    </layout:curveSegment>
                  </layout:listOfCurveSegments>
                </layout:curve>
              </layout:speciesReferenceGlyph>
            </layout:listOfSpeciesReferenceGlyphs>
          </layout:reactionGlyph>
          <layout:reactionGlyph layout:id="Glyph__S2__complex__S5">
            <layout:boundingBox>
              <layout:position layout:x="0" layout:y="0"/>
              <layout:dimensions layout:width="0" layout:height="0"/>
            </layout:boundingBox>
            <layout:listOfSpeciesReferenceGlyphs>
              <layout:speciesReferenceGlyph layout:id="Glyph__S2__product__S5" layout:speciesGlyph="Glyph__S5" layout:role="product">
                <layout:curve>
                  <layout:listOfCurveSegments>
                    <layout:curveSegment xmlns:xsi="http://www.w3.org/2001/XMLSchema-instance" xsi:type="LineSegment">
                      <layout:start layout:x="537" layout:y="289"/>
                      <layout:end layout:x="630" layout:y="215"/>
                    </layout:curveSegment>
                  </layout:listOfCurveSegments>
                </layout:curve>
              </layout:speciesReferenceGlyph>
            </layout:listOfSpeciesReferenceGlyphs>
          </layout:reactionGlyph>
          <layout:reactionGlyph layout:id="Glyph__S3__complex__S5">
            <layout:boundingBox>
              <layout:position layout:x="0" layout:y="0"/>
              <layout:dimensions layout:width="0" layout:height="0"/>
            </layout:boundingBox>
            <layout:listOfSpeciesReferenceGlyphs>
              <layout:speciesReferenceGlyph layout:id="Glyph__S3__product__S5" layout:speciesGlyph="Glyph__S5" layout:role="product">
                <layout:curve>
                  <layout:listOfCurveSegments>
                    <layout:curveSegment xmlns:xsi="http://www.w3.org/2001/XMLSchema-instance" xsi:type="LineSegment">
                      <layout:start layout:x="710" layout:y="295"/>
                      <layout:end layout:x="630" layout:y="215"/>
                    </layout:curveSegment>
                  </layout:listOfCurveSegments>
                </layout:curve>
              </layout:speciesReferenceGlyph>
            </layout:listOfSpeciesReferenceGlyphs>
          </layout:reactionGlyph>
          <layout:reactionGlyph layout:id="Glyph__S4__repression__S8">
            <layout:boundingBox>
              <layout:position layout:x="0" layout:y="0"/>
              <layout:dimensions layout:width="0" layout:height="0"/>
            </layout:boundingBox>
            <layout:listOfSpeciesReferenceGlyphs>
              <layout:speciesReferenceGlyph layout:id="Glyph__S4__product__S8" layout:speciesGlyph="Glyph__S8" layout:role="product">
                <layout:curve>
                  <layout:listOfCurveSegments>
                    <layout:curveSegment xmlns:xsi="http://www.w3.org/2001/XMLSchema-instance" xsi:type="LineSegment">
                      <layout:start layout:x="290" layout:y="215"/>
                      <layout:end layout:x="310" layout:y="135"/>
                    </layout:curveSegment>
                  </layout:listOfCurveSegments>
                </layout:curve>
              </layout:speciesReferenceGlyph>
            </layout:listOfSpeciesReferenceGlyphs>
          </layout:reactionGlyph>
          <layout:reactionGlyph layout:id="Glyph__S5__repression__S9">
            <layout:boundingBox>
              <layout:position layout:x="0" layout:y="0"/>
              <layout:dimensions layout:width="0" layout:height="0"/>
            </layout:boundingBox>
            <layout:listOfSpeciesReferenceGlyphs>
              <layout:speciesReferenceGlyph layout:id="Glyph__S5__product__S9" layout:speciesGlyph="Glyph__S9" layout:role="product">
                <layout:curve>
                  <layout:listOfCurveSegments>
                    <layout:curveSegment xmlns:xsi="http://www.w3.org/2001/XMLSchema-instance" xsi:type="LineSegment">
                      <layout:start layout:x="630" layout:y="215"/>
                      <layout:end layout:x="620" layout:y="135"/>
                    </layout:curveSegment>
                  </layout:listOfCurveSegments>
                </layout:curve>
              </layout:speciesReferenceGlyph>
            </layout:listOfSpeciesReferenceGlyphs>
          </layout:reactionGlyph>
          <layout:reactionGlyph layout:id="Glyph__S8__repression__S10">
            <layout:boundingBox>
              <layout:position layout:x="0" layout:y="0"/>
              <layout:dimensions layout:width="0" layout:height="0"/>
            </layout:boundingBox>
            <layout:listOfSpeciesReferenceGlyphs>
              <layout:speciesReferenceGlyph layout:id="Glyph__S8__product__S10" layout:speciesGlyph="Glyph__S10" layout:role="product">
                <layout:curve>
                  <layout:listOfCurveSegments>
                    <layout:curveSegment xmlns:xsi="http://www.w3.org/2001/XMLSchema-instance" xsi:type="LineSegment">
                      <layout:start layout:x="310" layout:y="135"/>
                      <layout:end layout:x="460" layout:y="75"/>
                    </layout:curveSegment>
                  </layout:listOfCurveSegments>
                </layout:curve>
              </layout:speciesReferenceGlyph>
            </layout:listOfSpeciesReferenceGlyphs>
          </layout:reactionGlyph>
          <layout:reactionGlyph layout:id="Glyph__S9__repression__S10">
            <layout:boundingBox>
              <layout:position layout:x="0" layout:y="0"/>
              <layout:dimensions layout:width="0" layout:height="0"/>
            </layout:boundingBox>
            <layout:listOfSpeciesReferenceGlyphs>
              <layout:speciesReferenceGlyph layout:id="Glyph__S9__product__S10" layout:speciesGlyph="Glyph__S10" layout:role="product">
                <layout:curve>
                  <layout:listOfCurveSegments>
                    <layout:curveSegment xmlns:xsi="http://www.w3.org/2001/XMLSchema-instance" xsi:type="LineSegment">
                      <layout:start layout:x="620" layout:y="135"/>
                      <layout:end layout:x="460" layout:y="75"/>
                    </layout:curveSegment>
                  </layout:listOfCurveSegments>
                </layout:curve>
              </layout:speciesReferenceGlyph>
            </layout:listOfSpeciesReferenceGlyphs>
          </layout:reactionGlyph>
        </layout:listOfReactionGlyphs>
        <layout:listOfTextGlyphs>
          <layout:textGlyph layout:id="TextGlyph__Cell" layout:text="Cell" layout:graphicalObject="Glyph__Cell">
            <layout:boundingBox>
              <layout:position layout:x="0" layout:y="0"/>
              <layout:dimensions layout:width="1070" layout:height="425"/>
            </layout:boundingBox>
          </layout:textGlyph>
          <layout:textGlyph layout:id="TextGlyph__S0" layout:text="S0" layout:graphicalObject="Glyph__S0">
            <layout:boundingBox>
              <layout:position layout:x="130" layout:y="270"/>
              <layout:dimensions layout:width="100" layout:height="30"/>
            </layout:boundingBox>
          </layout:textGlyph>
          <layout:textGlyph layout:id="TextGlyph__S1" layout:text="S1" layout:graphicalObject="Glyph__S1">
            <layout:boundingBox>
              <layout:position layout:x="330" layout:y="270"/>
              <layout:dimensions layout:width="100" layout:height="30"/>
            </layout:boundingBox>
          </layout:textGlyph>
          <layout:textGlyph layout:id="TextGlyph__S2" layout:text="S2" layout:graphicalObject="Glyph__S2">
            <layout:boundingBox>
              <layout:position layout:x="487" layout:y="274"/>
              <layout:dimensions layout:width="100" layout:height="30"/>
            </layout:boundingBox>
          </layout:textGlyph>
          <layout:textGlyph layout:id="TextGlyph__S3" layout:text="S3" layout:graphicalObject="Glyph__S3">
            <layout:boundingBox>
              <layout:position layout:x="660" layout:y="280"/>
              <layout:dimensions layout:width="100" layout:height="30"/>
            </layout:boundingBox>
          </layout:textGlyph>
          <layout:textGlyph layout:id="TextGlyph__S4" layout:text="S4" layout:graphicalObject="Glyph__S4">
            <layout:boundingBox>
              <layout:position layout:x="240" layout:y="200"/>
              <layout:dimensions layout:width="100" layout:height="30"/>
            </layout:boundingBox>
          </layout:textGlyph>
          <layout:textGlyph layout:id="TextGlyph__S5" layout:text="S5" layout:graphicalObject="Glyph__S5">
            <layout:boundingBox>
              <layout:position layout:x="580" layout:y="200"/>
              <layout:dimensions layout:width="100" layout:height="30"/>
            </layout:boundingBox>
          </layout:textGlyph>
          <layout:textGlyph layout:id="TextGlyph__S8" layout:text="S8" layout:graphicalObject="Glyph__S8">
            <layout:boundingBox>
              <layout:position layout:x="260" layout:y="120"/>
              <layout:dimensions layout:width="100" layout:height="30"/>
            </layout:boundingBox>
          </layout:textGlyph>
          <layout:textGlyph layout:id="TextGlyph__S9" layout:text="S9" layout:graphicalObject="Glyph__S9">
            <layout:boundingBox>
              <layout:position layout:x="570" layout:y="120"/>
              <layout:dimensions layout:width="100" layout:height="30"/>
            </layout:boundingBox>
          </layout:textGlyph>
          <layout:textGlyph layout:id="TextGlyph__S10" layout:text="S10" layout:graphicalObject="Glyph__S10">
            <layout:boundingBox>
              <layout:position layout:x="410" layout:y="60"/>
              <layout:dimensions layout:width="100" layout:height="30"/>
            </layout:boundingBox>
          </layout:textGlyph>
        </layout:listOfTextGlyphs>
      </layout:layout>
    </layout:listOfLayouts>
    <comp:listOfPorts>
      <comp:port sboTerm="SBO:0000601" comp:idRef="Cell" comp:id="compartment__Cell"/>
    </comp:listOfPorts>
  </model>
</sbml>
