<?xml version="1.0" encoding="UTF-8"?>
<sbml xmlns="http://www.sbml.org/sbml/level3/version1/core" xmlns:layout="http://www.sbml.org/sbml/level3/version1/layout/version1" xmlns:comp="http://www.sbml.org/sbml/level3/version1/comp/version1" level="3" version="1" layout:required="false" comp:required="true">
  <model metaid="iBioSim1" id="nand_nor_cascade">
    <listOfCompartments>
      <compartment id="Cell" spatialDimensions="3" size="1" constant="true"/>
    </listOfCompartments>
    <listOfSpecies>
      <species metaid="iBioSim2" id="S0" compartment="Cell" initialAmount="0" hasOnlySubstanceUnits="true" boundaryCondition="false" constant="false"/>
      <species metaid="iBioSim3" id="S1" compartment="Cell" initialAmount="0" hasOnlySubstanceUnits="true" boundaryCondition="false" constant="false"/>
      <species metaid="iBioSim4" id="S2" compartment="Cell" initialAmount="0" hasOnlySubstanceUnits="true" boundaryCondition="false" constant="false"/>
      <species metaid="iBioSim5" id="S3" compartment="Cell" initialAmount="0" hasOnlySubstanceUnits="true" boundaryCondition="false" constant="false"/>
      <species metaid="iBioSim6" id="S4" compartment="Cell" initialAmount="0" hasOnlySubstanceUnits="true" boundaryCondition="false" constant="false"/>
      <species metaid="iBioSim8" sboTerm="SBO:0000590" id="P0" compartment="Cell" initialAmount="2" hasOnlySubstanceUnits="true" boundaryCondition="false" constant="false"/>
      <species metaid="iBioSim10" id="S6" compartment="Cell" initialAmount="0" hasOnlySubstanceUnits="true" boundaryCondition="false" constant="false"/>
      <species metaid="iBioSim11" sboTerm="SBO:0000590" id="P1" compartment="Cell" initialAmount="2" hasOnlySubstanceUnits="true" boundaryCondition="false" constant="false"/>
      <species metaid="iBioSim15" id="S7" compartment="Cell" initialAmount="0" hasOnlySubstanceUnits="true" boundaryCondition="false" constant="false"/>
      <species metaid="iBioSim16" id="S8" compartment="Cell" initialAmount="0" hasOnlySubstanceUnits="true" boundaryCondition="false" constant="false"/>
      <species metaid="iBioSim17" id="S9" compartment="Cell" initialAmount="0" hasOnlySubstanceUnits="true" boundaryCondition="false" constant="false"/>
      <species metaid="iBioSim18" id="S10" compartment="Cell" initialAmount="0" hasOnlySubstanceUnits="true" boundaryCondition="false" constant="false"/>
      <species metaid="iBioSim19" id="S11" compartment="Cell" initialAmount="0" hasOnlySubstanceUnits="true" boundaryCondition="false" constant="false"/>
      <species metaid="iBioSim21" sboTerm="SBO:0000590" id="P3" compartment="Cell" initialAmount="2" hasOnlySubstanceUnits="true" boundaryCondition="false" constant="false"/>
      <species metaid="iBioSim23" sboTerm="SBO:0000590" id="P4" compartment="Cell" initialAmount="2" hasOnlySubstanceUnits="true" boundaryCondition="false" constant="false"/>
      <species metaid="iBioSim27" id="S13" compartment="Cell" initialAmount="0" hasOnlySubstanceUnits="true" boundaryCondition="false" constant="false"/>
      <species metaid="iBioSim28" id="S14" compartment="Cell" initialAmount="0" hasOnlySubstanceUnits="true" boundaryCondition="false" constant="false"/>
      <species metaid="iBioSim29" id="S15" compartment="Cell" initialAmount="0" hasOnlySubstanceUnits="true" boundaryCondition="false" constant="false"/>
      <species metaid="iBioSim30" id="S16" compartment="Cell" initialAmount="0" hasOnlySubstanceUnits="true" boundaryCondition="false" constant="false"/>
      <species metaid="iBioSim31" id="S17" compartment="Cell" initialAmount="0" hasOnlySubstanceUnits="true" boundaryCondition="false" constant="false"/>
      <species metaid="iBioSim32" sboTerm="SBO:0000590" id="P6" compartment="Cell" initialAmount="2" hasOnlySubstanceUnits="true" boundaryCondition="false" constant="false"/>
      <species metaid="iBioSim34" sboTerm="SBO:0000590" id="P7" compartment="Cell" initialAmount="2" hasOnlySubstanceUnits="true" boundaryCondition="false" constant="false"/>
      <species metaid="iBioSim38" id="S18" compartment="Cell" initialAmount="0" hasOnlySubstanceUnits="true" boundaryCondition="false" constant="false"/>
      <species metaid="iBioSim39" id="S19" compartment="Cell" initialAmount="0" hasOnlySubstanceUnits="true" boundaryCondition="false" constant="false"/>
      <species metaid="iBioSim40" id="S20" compartment="Cell" initialAmount="0" hasOnlySubstanceUnits="true" boundaryCondition="false" constant="false"/>
      <species metaid="iBioSim41" id="S21" compartment="Cell" initialAmount="0" hasOnlySubstanceUnits="true" boundaryCondition="false" constant="false"/>
      <species metaid="iBioSim42" sboTerm="SBO:0000590" id="P9" compartment="Cell" initialAmount="2" hasOnlySubstanceUnits="true" boundaryCondition="false" constant="false"/>
      <species metaid="iBioSim44" id="S22" compartment="Cell" initialAmount="0" hasOnlySubstanceUnits="true" boundaryCondition="false" constant="false"/>
      <species metaid="iBioSim45" sboTerm="SBO:0000590" id="P10" compartment="Cell" initialAmount="2" hasOnlySubstanceUnits="true" boundaryCondition="false" constant="false"/>
    </listOfSpecies>
    <listOfParameters>
      <parameter metaid="iBioSim7" id="kc_f" name="Forward complex formation rate" value="0.05" constant="true"/>
      <parameter metaid="iBioSim13" id="kc_r" name="Reverse complex formation rate" value="1" constant="true"/>
      <parameter metaid="iBioSim14" id="nc" name="Stoichiometry of binding" value="2" constant="true"/>
      <parameter metaid="iBioSim20" id="kr_f" name="Forward repression binding rate" value="0.5" constant="true"/>
      <parameter metaid="iBioSim25" id="kr_r" name="Reverse repression binding rate" value="1" constant="true"/>
      <parameter metaid="iBioSim26" id="ka_f" name="Forward activation binding rate" value="0.0033" constant="true"/>
      <parameter metaid="iBioSim36" id="ka_r" name="Reverse activation binding rate" value="1" constant="true"/>
      <parameter metaid="iBioSim37" id="ko_f" name="Forward RNAP binding rate" value="0.033" constant="true"/>
      <parameter metaid="iBioSim47" id="ko_r" name="Reverse RNAP binding rate" value="1" constant="true"/>
      <parameter metaid="iBioSim48" id="kao_f" name="Forward activated RNAP binding rate" value="1" constant="true"/>
      <parameter metaid="iBioSim49" id="kao_r" name="Reverse activated RNAP binding rate" value="1" constant="true"/>
      <parameter metaid="iBioSim50" id="nr" name="Initial RNAP count" value="30" constant="true"/>
      <parameter metaid="iBioSim60" id="ko" name="Open complex production rate" value="0.05" constant="true"/>
      <parameter metaid="iBioSim61" id="kb" name="Basal production rate" value="0.0001" constant="true"/>
      <parameter metaid="iBioSim62" id="ng" name="Initial promoter count" value="2" constant="true"/>
      <parameter metaid="iBioSim63" id="np" name="Stoichiometry of production" value="10" constant="true"/>
      <parameter metaid="iBioSim64" id="ka" name="Activated production rate" value="0.25" constant="true"/>
    </listOfParameters>
    <listOfReactions>
      <reaction metaid="iBioSim65" sboTerm="SBO:0000177" id="Complex_S2" reversible="true" fast="false" compartment="Cell">
        <listOfReactants>
          <speciesReference species="S0" stoichiometry="2" constant="true"/>
          <speciesReference species="S1" stoichiometry="2" constant="true"/>
        </listOfReactants>
        <listOfProducts>
          <speciesReference species="S2" stoichiometry="1" constant="true"/>
        </listOfProducts>
        <kineticLaw>
          <math xmlns="http://www.w3.org/1998/Math/MathML">
            <apply>
              <minus/>
              <apply>
                <times/>
                <ci> kc_f </ci>
                <apply>
                  <power/>
                  <ci> S0 </ci>
                  <ci> nc </ci>
                </apply>
                <apply>
                  <power/>
                  <ci> S1 </ci>
                  <ci> nc </ci>
                </apply>
              </apply>
              <apply>
                <times/>
                <ci> kc_r </ci>
                <ci> S2 </ci>
              </apply>
            </apply>
          </math>
        </kineticLaw>
      </reaction>
      <reaction metaid="iBioSim9" sboTerm="SBO:0000589" id="Production_P0" reversible="false" fast="false" compartment="Cell">
        <listOfProducts>
          <speciesReference species="S4" stoichiometry="10" constant="true"/>
        </listOfProducts>
        <listOfModifiers>
          <modifierSpeciesReference sboTerm="SBO:0000598" species="P0"/>
          <modifierSpeciesReference sboTerm="SBO:0000020" species="S2"/>
        </listOfModifiers>
        <kineticLaw>
          <math xmlns="http://www.w3.org/1998/Math/MathML">
            <apply>
              <divide/>
              <apply>
                <times/>
                <ci> P0 </ci>
                <ci> ko </ci>
                <apply>
                  <divide/>
                  <ci> ko_f </ci>
                  <ci> ko_r </ci>
                </apply>
                <ci> nr </ci>
              </apply>
              <apply>
                <plus/>
                <cn type="integer"> 1 </cn>
                <apply>
                  <times/>
                  <apply>
                    <divide/>
                    <ci> ko_f </ci>
                    <ci> ko_r </ci>
                  </apply>
                  <ci> nr </ci>
                </apply>
                <apply>
                  <power/>
                  <apply>
                    <times/>
                    <apply>
                      <divide/>
                      <ci> kr_f </ci>
                      <ci> kr_r </ci>
                    </apply>
                    <ci> S2 </ci>
                  </apply>
                  <ci> nc </ci>
                </apply>
              </apply>
            </apply>
          </math>
        </kineticLaw>
      </reaction>
      <reaction metaid="iBioSim12" sboTerm="SBO:0000589" id="Production_P1" reversible="false" fast="false" compartment="Cell">
        <listOfProducts>
          <speciesReference species="S6" stoichiometry="10" constant="true"/>
        </listOfProducts>
        <listOfModifiers>
          <modifierSpeciesReference sboTerm="SBO:0000598" species="P1"/>
          <modifierSpeciesReference sboTerm="SBO:0000020" species="S4"/>
          <modifierSpeciesReference sboTerm="SBO:0000020" species="S3"/>
        </listOfModifiers>
        <kineticLaw>
          <math xmlns="http://www.w3.org/1998/Math/MathML">
            <apply>
              <divide/>
              <apply>
                <times/>
                <ci> P1 </ci>
                <ci> ko </ci>
                <apply>
                  <divide/>
                  <ci> ko_f </ci>
                  <ci> ko_r </ci>
                </apply>
                <ci> nr </ci>
              </apply>
              <apply>
                <plus/>
                <cn type="integer"> 1 </cn>
                <apply>
                  <times/>
                  <apply>
                    <divide/>
                    <ci> ko_f </ci>
                    <ci> ko_r </ci>
                  </apply>
                  <ci> nr </ci>
                </apply>
                <apply>
                  <power/>
                  <apply>
                    <times/>
                    <apply>
                      <divide/>
                      <ci> kr_f </ci>
                      <ci> kr_r </ci>
                    </apply>
                    <ci> S4 </ci>
                  </apply>
                  <ci> nc </ci>
                </apply>
                <apply>
                  <power/>
                  <apply>
                    <times/>
                    <apply>
                      <divide/>
                      <ci> kr_f </ci>
                      <ci> kr_r </ci>
                    </apply>
                    <ci> S3 </ci>
                  </apply>
                  <ci> nc </ci>
                </apply>
              </apply>
            </apply>
          </math>
        </kineticLaw>
      </reaction>
      <reaction metaid="iBioSim66" sboTerm="SBO:0000177" id="Complex_S8" reversible="true" fast="false" compartment="Cell">
        <listOfReactants>
          <speciesReference species="S6" stoichiometry="2" constant="true"/>
          <speciesReference species="S7" stoichiometry="2" constant="true"/>
        </listOfReactants>
        <listOfProducts>
          <speciesReference species="S8" stoichiometry="1" constant="true"/>
        </listOfProducts>
        <kineticLaw>
          <math xmlns="http://www.w3.org/1998/Math/MathML">
            <apply>
              <minus/>
              <apply>
                <times/>
                <ci> kc_f </ci>
                <apply>
                  <power/>
                  <ci> S6 </ci>
                  <ci> nc </ci>
                </apply>
                <apply>
                  <power/>
                  <ci> S7 </ci>
                  <ci> nc </ci>
                </apply>
              </apply>
              <apply>
                <times/>
                <ci> kc_r </ci>
                <ci> S8 </ci>
              </apply>
            </apply>
          </math>
        </kineticLaw>
      </reaction>
      <reaction metaid="iBioSim22" sboTerm="SBO:0000589" id="Production_P3" reversible="false" fast="false" compartment="Cell">
        <listOfProducts>
          <speciesReference species="S9" stoichiometry="10" constant="true"/>
        </listOfProducts>
        <listOfModifiers>
          <modifierSpeciesReference sboTerm="SBO:0000598" species="P3"/>
          <modifierSpeciesReference sboTerm="SBO:0000020" species="S8"/>
        </listOfModifiers>
        <kineticLaw>
          <math xmlns="http://www.w3.org/1998/Math/MathML">
            <apply>
              <divide/>
              <apply>
                <times/>
                <ci> P3 </ci>
                <ci> ko </ci>
                <apply>
                  <divide/>
                  <ci> ko_f </ci>
                  <ci> ko_r </ci>
                </apply>
                <ci> nr </ci>
              </apply>
              <apply>
                <plus/>
                <cn type="integer"> 1 </cn>
                <apply>
                  <times/>
                  <apply>
                    <divide/>
                    <ci> ko_f </ci>
                    <ci> ko_r </ci>
                  </apply>
                  <ci> nr </ci>
                </apply>
                <apply>
                  <power/>
                  <apply>
                    <times/>
                    <apply>
                      <divide/>
                      <ci> kr_f </ci>
                      <ci> kr_r </ci>
                    </apply>
                    <ci> S8 </ci>
                  </apply>
                  <ci> nc </ci>
                </apply>
              </apply>
            </apply>
          </math>
        </kineticLaw>
      </reaction>
      <reaction metaid="iBioSim24" sboTerm="SBO:0000589" id="Production_P4" reversible="false" fast="false" compartment="Cell">
        <listOfProducts>
          <speciesReference species="S10" stoichiometry="10" constant="true"/>
        </listOfProducts>
        <listOfModifiers>
          <modifierSpeciesReference sboTerm="SBO:0000598" species="P4"/>
          <modifierSpeciesReference sboTerm="SBO:0000020" species="S9"/>
          <modifierSpeciesReference sboTerm="SBO:0000020" species="S11"/>
        </listOfModifiers>
        <kineticLaw>
          <math xmlns="http://www.w3.org/1998/Math/MathML">
            <apply>
              <divide/>
              <apply>
                <times/>
                <ci> P4 </ci>
                <ci> ko </ci>
                <apply>
                  <divide/>
                  <ci> ko_f </ci>
                  <ci> ko_r </ci>
                </apply>
                <ci> nr </ci>
              </apply>
              <apply>
                <plus/>
                <cn type="integer"> 1 </cn>
                <apply>
                  <times/>
                  <apply>
                    <divide/>
                    <ci> ko_f </ci>
                    <ci> ko_r </ci>
                  </apply>
                  <ci> nr </ci>
                </apply>
                <apply>
                  <power/>
                  <apply>
                    <times/>
                    <apply>
                      <divide/>
                      <ci> kr_f </ci>
                      <ci> kr_r </ci>
                    </apply>
                    <ci> S9 </ci>
                  </apply>
                  <ci> nc </ci>
                </apply>
                <apply>
                  <power/>
                  <apply>
                    <times/>
                    <apply>
                      <divide/>
                      <ci> kr_f </ci>
                      <ci> kr_r </ci>
                    </apply>
                    <ci> S11 </ci>
                  </apply>
                  <ci> nc </ci>
                </apply>
              </apply>
            </apply>
          </math>
        </kineticLaw>
      </reaction>
      <reaction metaid="iBioSim67" sboTerm="SBO:0000177" id="Complex_S14" reversible="true" fast="false" compartment="Cell">
        <listOfReactants>
          <speciesReference species="S10" stoichiometry="2" constant="true"/>
          <speciesReference species="S13" stoichiometry="2" constant="true"/>
        </listOfReactants>
        <listOfProducts>
          <speciesReference species="S14" stoichiometry="1" constant="true"/>
        </listOfProducts>
        <kineticLaw>
          <math xmlns="http://www.w3.org/1998/Math/MathML">
            <apply>
              <minus/>
              <apply>
                <times/>
                <ci> kc_f </ci>
                <apply>
                  <power/>
                  <ci> S10 </ci>
                  <ci> nc </ci>
                </apply>
                <apply>
                  <power/>
                  <ci> S13 </ci>
                  <ci> nc </ci>
                </apply>
              </apply>
              <apply>
                <times/>
                <ci> kc_r </ci>
                <ci> S14 </ci>
              </apply>
            </apply>
          </math>
        </kineticLaw>
      </reaction>
      <reaction metaid="iBioSim33" sboTerm="SBO:0000589" id="Production_P6" reversible="false" fast="false" compartment="Cell">
        <listOfProducts>
          <speciesReference species="S15" stoichiometry="10" constant="true"/>
        </listOfProducts>
        <listOfModifiers>
          <modifierSpeciesReference sboTerm="SBO:0000598" species="P6"/>
          <modifierSpeciesReference sboTerm="SBO:0000020" species="S14"/>
        </listOfModifiers>
        <kineticLaw>
          <math xmlns="http://www.w3.org/1998/Math/MathML">
            <apply>
              <divide/>
              <apply>
                <times/>
                <ci> P6 </ci>
                <ci> ko </ci>
                <apply>
                  <divide/>
                  <ci> ko_f </ci>
                  <ci> ko_r </ci>
                </apply>
                <ci> nr </ci>
              </apply>
              <apply>
                <plus/>
                <cn type="integer"> 1 </cn>
                <apply>
                  <times/>
                  <apply>
                    <divide/>
                    <ci> ko_f </ci>
                    <ci> ko_r </ci>
                  </apply>
                  <ci> nr </ci>
                </apply>
                <apply>
                  <power/>
                  <apply>
                    <times/>
                    <apply>
                      <divide/>
                      <ci> kr_f </ci>
                      <ci> kr_r </ci>
                    </apply>
                    <ci> S14 </ci>
                  </apply>
                  <ci> nc </ci>
                </apply>
              </apply>
            </apply>
          </math>
        </kineticLaw>
      </reaction>
      <reaction metaid="iBioSim35" sboTerm="SBO:0000589" id="Production_P7" reversible="false" fast="false" compartment="Cell">
        <listOfProducts>
          <speciesReference species="S16" stoichiometry="10" constant="true"/>
        </listOfProducts>
        <listOfModifiers>
          <modifierSpeciesReference sboTerm="SBO:0000598" species="P7"/>
          <modifierSpeciesReference sboTerm="SBO:0000020" species="S15"/>
          <modifierSpeciesReference sboTerm="SBO:0000020" species="S17"/>
        </listOfModifiers>
        <kineticLaw>
          <math xmlns="http://www.w3.org/1998/Math/MathML">
            <apply>
              <divide/>
              <apply>
                <times/>
                <ci> P7 </ci>
                <ci> ko </ci>
                <apply>
                  <divide/>
                  <ci> ko_f </ci>
                  <ci> ko_r </ci>
                </apply>
                <ci> nr </ci>
              </apply>
              <apply>
                <plus/>
                <cn type="integer"> 1 </cn>
                <apply>
                  <times/>
                  <apply>
                    <divide/>
                    <ci> ko_f </ci>
                    <ci> ko_r </ci>
                  </apply>
                  <ci> nr </ci>
                </apply>
                <apply>
                  <power/>
                  <apply>
                    <times/>
                    <apply>
                      <divide/>
                      <ci> kr_f </ci>
                      <ci> kr_r </ci>
                    </apply>
                    <ci> S15 </ci>
                  </apply>
                  <ci> nc </ci>
                </apply>
                <apply>
                  <power/>
                  <apply>
                    <times/>
                    <apply>
                      <divide/>
                      <ci> kr_f </ci>
                      <ci> kr_r </ci>
                    </apply>
                    <ci> S17 </ci>
                  </apply>
                  <ci> nc </ci>
                </apply>
              </apply>
            </apply>
          </math>
        </kineticLaw>
      </reaction>
      <reaction metaid="iBioSim68" sboTerm="SBO:0000177" id="Complex_S19" reversible="true" fast="false" compartment="Cell">
        <listOfReactants>
          <speciesReference species="S18" stoichiometry="2" constant="true"/>
          <speciesReference species="S16" stoichiometry="2" constant="true"/>
        </listOfReactants>
        <listOfProducts>
          <speciesReference species="S19" stoichiometry="1" constant="true"/>
        </listOfProducts>
        <kineticLaw>
          <math xmlns="http://www.w3.org/1998/Math/MathML">
            <apply>
              <minus/>
              <apply>
                <times/>
                <ci> kc_f </ci>
                <apply>
                  <power/>
                  <ci> S18 </ci>
                  <ci> nc </ci>
                </apply>
                <apply>
                  <power/>
                  <ci> S16 </ci>
                  <ci> nc </ci>
                </apply>
              </apply>
              <apply>
                <times/>
                <ci> kc_r </ci>
                <ci> S19 </ci>
              </apply>
            </apply>
          </math>
        </kineticLaw>
      </reaction>
      <reaction metaid="iBioSim43" sboTerm="SBO:0000589" id="Production_P9" reversible="false" fast="false" compartment="Cell">
        <listOfProducts>
          <speciesReference species="S20" stoichiometry="10" constant="true"/>
        </listOfProducts>
        <listOfModifiers>
          <modifierSpeciesReference sboTerm="SBO:0000598" species="P9"/>
          <modifierSpeciesReference sboTerm="SBO:0000020" species="S19"/>
        </listOfModifiers>
        <kineticLaw>
          <math xmlns="http://www.w3.org/1998/Math/MathML">
            <apply>
              <divide/>
              <apply>
                <times/>
                <ci> P9 </ci>
                <ci> ko </ci>
                <apply>
                  <divide/>
                  <ci> ko_f </ci>
                  <ci> ko_r </ci>
                </apply>
                <ci> nr </ci>
              </apply>
              <apply>
                <plus/>
                <cn type="integer"> 1 </cn>
                <apply>
                  <times/>
                  <apply>
                    <divide/>
                    <ci> ko_f </ci>
                    <ci> ko_r </ci>
                  </apply>
                  <ci> nr </ci>
                </apply>
                <apply>
                  <power/>
                  <apply>
                    <times/>
                    <apply>
                      <divide/>
                      <ci> kr_f </ci>
                      <ci> kr_r </ci>
                    </apply>
                    <ci> S19 </ci>
                  </apply>
                  <ci> nc </ci>
                </apply>
              </apply>
            </apply>
          </math>
        </kineticLaw>
      </reaction>
      <reaction metaid="iBioSim46" sboTerm="SBO:0000589" id="Production_P10" reversible="false" fast="false" compartment="Cell">
        <listOfProducts>
          <speciesReference species="S22" stoichiometry="10" constant="true"/>
        </listOfProducts>
        <listOfModifiers>
          <modifierSpeciesReference sboTerm="SBO:0000598" species="P10"/>
          <modifierSpeciesReference sboTerm="SBO:0000020" species="S21"/>
          <modifierSpeciesReference sboTerm="SBO:0000020" species="S20"/>
        </listOfModifiers>
        <kineticLaw>
          <math xmlns="http://www.w3.org/1998/Math/MathML">
            <apply>
              <divide/>
              <apply>
                <times/>
                <ci> P10 </ci>
                <ci> ko </ci>
                <apply>
                  <divide/>
                  <ci> ko_f </ci>
                  <ci> ko_r </ci>
                </apply>
                <ci> nr </ci>
              </apply>
              <apply>
                <plus/>
                <cn type="integer"> 1 </cn>
                <apply>
                  <times/>
                  <apply>
                    <divide/>
                    <ci> ko_f </ci>
                    <ci> ko_r </ci>
                  </apply>
                  <ci> nr </ci>
                </apply>
                <apply>
                  <power/>
                  <apply>
                    <times/>
                    <apply>
                      <divide/>
                      <ci> kr_f </ci>
                      <ci> kr_r </ci>
                    </apply>
                    <ci> S21 </ci>
                  </apply>
                  <ci> nc </ci>
                </apply>
                <apply>
                  <power/>
                  <apply>
                    <times/>
                    <apply>
                      <divide/>
                      <ci> kr_f </ci>
                      <ci> kr_r </ci>
                    </apply>
                    <ci> S20 </ci>
                  </apply>
                  <ci> nc </ci>
                </apply>
              </apply>
            </apply>
          </math>
        </kineticLaw>
      </reaction>
    </listOfReactions>
    <layout:listOfLayouts xmlns:xsi="http://www.w3.org/2001/XMLSchema-instance" xmlns:layout="http://www.sbml.org/sbml/level3/version1/layout/version1">
      <layout:layout layout:id="iBioSim">
        <layout:dimensions layout:width="0" layout:height="0"/>
        <layout:listOfCompartmentGlyphs>
          <layout:compartmentGlyph layout:id="Glyph__Cell" layout:compartment="Cell">
            <layout:boundingBox>
              <layout:position layout:x="0" layout:y="0"/>
              <layout:dimensions layout:width="1070" layout:height="425"/>
            </layout:boundingBox>
          </layout:compartmentGlyph>
        </layout:listOfCompartmentGlyphs>
        <layout:listOfSpeciesGlyphs>
          <layout:speciesGlyph layout:id="Glyph__S0" layout:species="S0">
            <layout:boundingBox>
              <layout:position layout:x="10" layout:y="10"/>
              <layout:dimensions layout:width="100" layout:height="30"/>
            </layout:boundingBox>
          </layout:speciesGlyph>
          <layout:speciesGlyph layout:id="Glyph__S1" layout:species="S1">
            <layout:boundingBox>
              <layout:position layout:x="10" layout:y="50"/>
              <layout:dimensions layout:width="100" layout:height="30"/>
            </layout:boundingBox>
          </layout:speciesGlyph>
          <layout:speciesGlyph layout:id="Glyph__S2" layout:species="S2">
            <layout:boundingBox>
              <layout:position layout:x="130" layout:y="30"/>
              <layout:dimensions layout:width="100" layout:height="30"/>
            </layout:boundingBox>
          </layout:speciesGlyph>
          <layout:speciesGlyph layout:id="Glyph__S3" layout:species="S3">
            <layout:boundingBox>
              <layout:position layout:x="260" layout:y="80"/>
              <layout:dimensions layout:width="100" layout:height="30"/>
            </layout:boundingBox>
          </layout:speciesGlyph>
          <layout:speciesGlyph layout:id="Glyph__S4" layout:species="S4">
            <layout:boundingBox>
              <layout:position layout:x="260" layout:y="30"/>
              <layout:dimensions layout:width="100" layout:height="30"/>
            </layout:boundingBox>
          </layout:speciesGlyph>
          <layout:speciesGlyph layout:id="Glyph__S6" layout:species="S6">
            <layout:boundingBox>
              <layout:position layout:x="390" layout:y="50"/>
              <layout:dimensions layout:width="100" layout:height="30"/>
            </layout:boundingBox>
          </layout:speciesGlyph>
          <layout:speciesGlyph layout:id="Glyph__S7" layout:species="S7">
            <layout:boundingBox>
              <layout:position layout:x="390" layout:y="110"/>
              <layout:dimensions layout:width="100" layout:height="30"/>
            </layout:boundingBox>
          </layout:speciesGlyph>
          <layout:speciesGlyph layout:id="Glyph__S8" layout:species="S8">
            <layout:boundingBox>
              <layout:position layout:x="500" layout:y="80"/>
              <layout:dimensions layout:width="100" layout:height="30"/>
            </layout:boundingBox>
          </layout:speciesGlyph>
          <layout:speciesGlyph layout:id="Glyph__S9" layout:species="S9">
            <layout:boundingBox>
              <layout:position layout:x="630" layout:y="80"/>
              <layout:dimensions layout:width="100" layout:height="30"/>
            </layout:boundingBox>
          </layout:speciesGlyph>
          <layout:speciesGlyph layout:id="Glyph__S10" layout:species="S10">
            <layout:boundingBox>
              <layout:position layout:x="760" layout:y="100"/>
              <layout:dimensions layout:width="100" layout:height="30"/>
            </layout:boundingBox>
          </layout:speciesGlyph>
          <layout:speciesGlyph layout:id="Glyph__S11" layout:species="S11">
            <layout:boundingBox>
              <layout:position layout:x="630" layout:y="130"/>
              <layout:dimensions layout:width="100" layout:height="30"/>
            </layout:boundingBox>
          </layout:speciesGlyph>
          <layout:speciesGlyph layout:id="Glyph__S13" layout:species="S13">
            <layout:boundingBox>
              <layout:position layout:x="860" layout:y="160"/>
              <layout:dimensions layout:width="100" layout:height="30"/>
            </layout:boundingBox>
          </layout:speciesGlyph>
          <layout:speciesGlyph layout:id="Glyph__S14" layout:species="S14">
            <layout:boundingBox>
              <layout:position layout:x="740" layout:y="160"/>
              <layout:dimensions layout:width="100" layout:height="30"/>
            </layout:boundingBox>
          </layout:speciesGlyph>
          <layout:speciesGlyph layout:id="Glyph__S15" layout:species="S15">
            <layout:boundingBox>
              <layout:position layout:x="700" layout:y="210"/>
              <layout:dimensions layout:width="100" layout:height="30"/>
            </layout:boundingBox>
          </layout:speciesGlyph>
          <layout:speciesGlyph layout:id="Glyph__S16" layout:species="S16">
            <layout:boundingBox>
              <layout:position layout:x="570" layout:y="230"/>
              <layout:dimensions layout:width="100" layout:height="30"/>
            </layout:boundingBox>
          </layout:speciesGlyph>
          <layout:speciesGlyph layout:id="Glyph__S17" layout:species="S17">
            <layout:boundingBox>
              <layout:position layout:x="700" layout:y="260"/>
              <layout:dimensions layout:width="100" layout:height="30"/>
            </layout:boundingBox>
          </layout:speciesGlyph>
          <layout:speciesGlyph layout:id="Glyph__S18" layout:species="S18">
            <layout:boundingBox>
              <layout:position layout:x="480" layout:y="170"/>
              <layout:dimensions layout:width="100" layout:height="30"/>
            </layout:boundingBox>
          </layout:speciesGlyph>
          <layout:speciesGlyph layout:id="Glyph__S19" layout:species="S19">
            <layout:boundingBox>
              <layout:position layout:x="450" layout:y="230"/>
              <layout:dimensions layout:width="100" layout:height="30"/>
            </layout:boundingBox>
          </layout:speciesGlyph>
          <layout:speciesGlyph layout:id="Glyph__S20" layout:species="S20">
            <layout:boundingBox>
              <layout:position layout:x="320" layout:y="230"/>
              <layout:dimensions layout:width="100" layout:height="30"/>
            </layout:boundingBox>
          </layout:speciesGlyph>
          <layout:speciesGlyph layout:id="Glyph__S21" layout:species="S21">
            <layout:boundingBox>
              <layout:position layout:x="270" layout:y="180"/>
              <layout:dimensions layout:width="100" layout:height="30"/>
            </layout:boundingBox>
          </layout:speciesGlyph>
          <layout:speciesGlyph layout:id="Glyph__S22" layout:species="S22">
            <layout:boundingBox>
              <layout:position layout:x="190" layout:y="230"/>
              <layout:dimensions layout:width="100" layout:height="30"/>
            </layout:boundingBox>
          </layout:speciesGlyph>
        </layout:listOfSpeciesGlyphs>
        <layout:listOfReactionGlyphs>
          <layout:reactionGlyph layout:id="Glyph__S27__repression__S28">
            <layout:boundingBox>
              <layout:position layout:x="0" layout:y="0"/>
              <layout:dimensions layout:width="0" layout:height="0"/>
            </layout:boundingBox>
            <layout:listOfSpeciesReferenceGlyphs>
              <layout:speciesReferenceGlyph layout:id="Glyph__S27__product__S28" layout:speciesGlyph="Glyph__S28" layout:role="product">
                <layout:curve>
                  <layout:listOfCurveSegments>
                    <layout:curveSegment xmlns:xsi="http://www.w3.org/2001/XMLSchema-instance" xsi:type="LineSegment">
                      <layout:start layout:x="290" layout:y="335"/>
                      <layout:end layout:x="469" layout:y="331"/>
                    </layout:curveSegment>
                  </layout:listOfCurveSegments>
                </layout:curve>
              </layout:speciesReferenceGlyph>
            </layout:listOfSpeciesReferenceGlyphs>
          </layout:reactionGlyph>
          <layout:reactionGlyph layout:id="Glyph__S29__repression__S28">
            <layout:boundingBox>
              <layout:position layout:x="0" layout:y="0"/>
              <layout:dimensions layout:width="0" layout:height="0"/>
            </layout:boundingBox>
            <layout:listOfSpeciesReferenceGlyphs>
              <layout:speciesReferenceGlyph layout:id="Glyph__S29__product__S28" layout:speciesGlyph="Glyph__S28" layout:role="product">
                <layout:curve>
                  <layout:listOfCurveSegments>
                    <layout:curveSegment xmlns:xsi="http://www.w3.org/2001/XMLSchema-instance" xsi:type="LineSegment">
                      <layout:start layout:x="300" layout:y="385"/>
                      <layout:end layout:x="469" layout:y="331"/>
                    </layout:curveSegment>
                  </layout:listOfCurveSegments>
                </layout:curve>
              </layout:speciesReferenceGlyph>
            </layout:listOfSpeciesReferenceGlyphs>
          </layout:reactionGlyph>
          <layout:reactionGlyph layout:id="Glyph__S25__repression__S27">
            <layout:boundingBox>
              <layout:position layout:x="0" layout:y="0"/>
              <layout:dimensions layout:width="0" layout:height="0"/>
            </layout:boundingBox>
            <layout:listOfSpeciesReferenceGlyphs>
              <layout:speciesReferenceGlyph layout:id="Glyph__S25__product__S27" layout:speciesGlyph="Glyph__S27" layout:role="product">
                <layout:curve>
                  <layout:listOfCurveSegments>
                    <layout:curveSegment xmlns:xsi="http://www.w3.org/2001/XMLSchema-instance" xsi:type="LineSegment">
                      <layout:start layout:x="170" layout:y="295"/>
                      <layout:end layout:x="290" layout:y="335"/>
                    </layout:curveSegment>
                  </layout:listOfCurveSegments>
                </layout:curve>
              </layout:speciesReferenceGlyph>
            </layout:listOfSpeciesReferenceGlyphs>
          </layout:reactionGlyph>
          <layout:reactionGlyph layout:id="Glyph__S22__complex__S25">
            <layout:boundingBox>
              <layout:position layout:x="0" layout:y="0"/>
              <layout:dimensions layout:width="0" layout:height="0"/>
            </layout:boundingBox>
            <layout:listOfSpeciesReferenceGlyphs>
              <layout:speciesReferenceGlyph layout:id="Glyph__S22__product__S25" layout:speciesGlyph="Glyph__S25" layout:role="product">
                <layout:curve>
                  <layout:listOfCurveSegments>
                    <layout:curveSegment xmlns:xsi="http://www.w3.org/2001/XMLSchema-instance" xsi:type="LineSegment">
                      <layout:start layout:x="240" layout:y="245"/>
                      <layout:end layout:x="170" layout:y="295"/>
                    </layout:curveSegment>
                  </layout:listOfCurveSegments>
                </layout:curve>
              </layout:speciesReferenceGlyph>
            </layout:listOfSpeciesReferenceGlyphs>
          </layout:reactionGlyph>
          <layout:reactionGlyph layout:id="Glyph__S26__complex__S25">
            <layout:boundingBox>
              <layout:position layout:x="0" layout:y="0"/>
              <layout:dimensions layout:width="0" layout:height="0"/>
            </layout:boundingBox>
            <layout:listOfSpeciesReferenceGlyphs>
              <layout:speciesReferenceGlyph layout:id="Glyph__S26__product__S25" layout:speciesGlyph="Glyph__S25" layout:role="product">
                <layout:curve>
                  <layout:listOfCurveSegments>
                    <layout:curveSegment xmlns:xsi="http://www.w3.org/2001/XMLSchema-instance" xsi:type="LineSegment">
                      <layout:start layout:x="100" layout:y="245"/>
                      <layout:end layout:x="170" layout:y="295"/>
                    </layout:curveSegment>
                  </layout:listOfCurveSegments>
                </layout:curve>
              </layout:speciesReferenceGlyph>
            </layout:listOfSpeciesReferenceGlyphs>
          </layout:reactionGlyph>
          <layout:reactionGlyph layout:id="Glyph__S0__complex__S2">
            <layout:boundingBox>
              <layout:position layout:x="0" layout:y="0"/>
              <layout:dimensions layout:width="0" layout:height="0"/>
            </layout:boundingBox>
            <layout:listOfSpeciesReferenceGlyphs>
              <layout:speciesReferenceGlyph layout:id="Glyph__S0__product__S2" layout:speciesGlyph="Glyph__S2" layout:role="product">
                <layout:curve>
                  <layout:listOfCurveSegments>
                    <layout:curveSegment xmlns:xsi="http://www.w3.org/2001/XMLSchema-instance" xsi:type="LineSegment">
                      <layout:start layout:x="60" layout:y="25"/>
                      <layout:end layout:x="180" layout:y="45"/>
                    </layout:curveSegment>
                  </layout:listOfCurveSegments>
                </layout:curve>
              </layout:speciesReferenceGlyph>
            </layout:listOfSpeciesReferenceGlyphs>
          </layout:reactionGlyph>
          <layout:reactionGlyph layout:id="Glyph__S1__complex__S2">
            <layout:boundingBox>
              <layout:position layout:x="0" layout:y="0"/>
              <layout:dimensions layout:width="0" layout:height="0"/>
            </layout:boundingBox>
            <layout:listOfSpeciesReferenceGlyphs>
              <layout:speciesReferenceGlyph layout:id="Glyph__S1__product__S2" layout:speciesGlyph="Glyph__S2" layout:role="product">
                <layout:curve>
                  <layout:listOfCurveSegments>
                    <layout:curveSegment xmlns:xsi="http://www.w3.org/2001/XMLSchema-instance" xsi:type="LineSegment">
                      <layout:start layout:x="60" layout:y="65"/>
                      <layout:end layout:x="180" layout:y="45"/>
                    </layout:curveSegment>
                  </layout:listOfCurveSegments>
                </layout:curve>
              </layout:speciesReferenceGlyph>
            </layout:listOfSpeciesReferenceGlyphs>
          </layout:reactionGlyph>
          <layout:reactionGlyph layout:id="Glyph__S2__repression__S4">
            <layout:boundingBox>
              <layout:position layout:x="0" layout:y="0"/>
              <layout:dimensions layout:width="0" layout:height="0"/>
            </layout:boundingBox>
            <layout:listOfSpeciesReferenceGlyphs>
              <layout:speciesReferenceGlyph layout:id="Glyph__S2__product__S4" layout:speciesGlyph="Glyph__S4" layout:role="product">
                <layout:curve>
                  <layout:listOfCurveSegments>
                    <layout:curveSegment xmlns:xsi="http://www.w3.org/2001/XMLSchema-instance" xsi:type="LineSegment">
                      <layout:start layout:x="180" layout:y="45"/>
                      <layout:end layout:x="310" layout:y="45"/>
                    </layout:curveSegment>
                  </layout:listOfCurveSegments>
                </layout:curve>
              </layout:speciesReferenceGlyph>
            </layout:listOfSpeciesReferenceGlyphs>
          </layout:reactionGlyph>
          <layout:reactionGlyph layout:id="Glyph__S4__repression__S6">
            <layout:boundingBox>
              <layout:position layout:x="0" layout:y="0"/>
              <layout:dimensions layout:width="0" layout:height="0"/>
            </layout:boundingBox>
            <layout:listOfSpeciesReferenceGlyphs>
              <layout:speciesReferenceGlyph layout:id="Glyph__S4__product__S6" layout:speciesGlyph="Glyph__S6" layout:role="product">
                <layout:curve>
                  <layout:listOfCurveSegments>
                    <layout:curveSegment xmlns:xsi="http://www.w3.org/2001/XMLSchema-instance" xsi:type="LineSegment">
                      <layout:start layout:x="310" layout:y="45"/>
                      <layout:end layout:x="440" layout:y="65"/>
                    </layout:curveSegment>
                  </layout:listOfCurveSegments>
                </layout:curve>
              </layout:speciesReferenceGlyph>
            </layout:listOfSpeciesReferenceGlyphs>
          </layout:reactionGlyph>
          <layout:reactionGlyph layout:id="Glyph__S3__repression__S6">
            <layout:boundingBox>
              <layout:position layout:x="0" layout:y="0"/>
              <layout:dimensions layout:width="0" layout:height="0"/>
            </layout:boundingBox>
            <layout:listOfSpeciesReferenceGlyphs>
              <layout:speciesReferenceGlyph layout:id="Glyph__S3__product__S6" layout:speciesGlyph="Glyph__S6" layout:role="product">
                <layout:curve>
                  <layout:listOfCurveSegments>
                    <layout:curveSegment xmlns:xsi="http://www.w3.org/2001/XMLSchema-instance" xsi:type="LineSegment">
                      <layout:start layout:x="310" layout:y="95"/>
                      <layout:end layout:x="440" layout:y="65"/>
                    </layout:curveSegment>
                  </layout:listOfCurveSegments>
                </layout:curve>
              </layout:speciesReferenceGlyph>
            </layout:listOfSpeciesReferenceGlyphs>
          </layout:reactionGlyph>
          <layout:reactionGlyph layout:id="Glyph__S6__complex__S8">
            <layout:boundingBox>
              <layout:position layout:x="0" layout:y="0"/>
              <layout:dimensions layout:width="0" layout:height="0"/>
            </layout:boundingBox>
            <layout:listOfSpeciesReferenceGlyphs>
              <layout:speciesReferenceGlyph layout:id="Glyph__S6__product__S8" layout:speciesGlyph="Glyph__S8" layout:role="product">
                <layout:curve>
                  <layout:listOfCurveSegments>
                    <layout:curveSegment xmlns:xsi="http://www.w3.org/2001/XMLSchema-instance" xsi:type="LineSegment">
                      <layout:start layout:x="440" layout:y="65"/>
                      <layout:end layout:x="550" layout:y="95"/>
                    </layout:curveSegment>
                  </layout:listOfCurveSegments>
                </layout:curve>
              </layout:speciesReferenceGlyph>
            </layout:listOfSpeciesReferenceGlyphs>
          </layout:reactionGlyph>
          <layout:reactionGlyph layout:id="Glyph__S7__complex__S8">
            <layout:boundingBox>
              <layout:position layout:x="0" layout:y="0"/>
              <layout:dimensions layout:width="0" layout:height="0"/>
            </layout:boundingBox>
            <layout:listOfSpeciesReferenceGlyphs>
              <layout:speciesReferenceGlyph layout:id="Glyph__S7__product__S8" layout:speciesGlyph="Glyph__S8" layout:role="product">
                <layout:curve>
                  <layout:listOfCurveSegments>
                    <layout:curveSegment xmlns:xsi="http://www.w3.org/2001/XMLSchema-instance" xsi:type="LineSegment">
                      <layout:start layout:x="440" layout:y="125"/>
                      <layout:end layout:x="550" layout:y="95"/>
                    </layout:curveSegment>
                  </layout:listOfCurveSegments>
                </layout:curve>
              </layout:speciesReferenceGlyph>
            </layout:listOfSpeciesReferenceGlyphs>
          </layout:reactionGlyph>
          <layout:reactionGlyph layout:id="Glyph__S8__repression__S9">
            <layout:boundingBox>
              <layout:position layout:x="0" layout:y="0"/>
              <layout:dimensions layout:width="0" layout:height="0"/>
            </layout:boundingBox>
            <layout:listOfSpeciesReferenceGlyphs>
              <layout:speciesReferenceGlyph layout:id="Glyph__S8__product__S9" layout:speciesGlyph="Glyph__S9" layout:role="product">
                <layout:curve>
                  <layout:listOfCurveSegments>
                    <layout:curveSegment xmlns:xsi="http://www.w3.org/2001/XMLSchema-instance" xsi:type="LineSegment">
                      <layout:start layout:x="550" layout:y="95"/>
                      <layout:end layout:x="680" layout:y="95"/>
                    </layout:curveSegment>
                  </layout:listOfCurveSegments>
                </layout:curve>
              </layout:speciesReferenceGlyph>
            </layout:listOfSpeciesReferenceGlyphs>
          </layout:reactionGlyph>
          <layout:reactionGlyph layout:id="Glyph__S9__repression__S10">
            <layout:boundingBox>
              <layout:position layout:x="0" layout:y="0"/>
              <layout:dimensions layout:width="0" layout:height="0"/>
            </layout:boundingBox>
            <layout:listOfSpeciesReferenceGlyphs>
              <layout:speciesReferenceGlyph layout:id="Glyph__S9__product__S10" layout:speciesGlyph="Glyph__S10" layout:role="product">
                <layout:curve>
                  <layout:listOfCurveSegments>
                    <layout:curveSegment xmlns:xsi="http://www.w3.org/2001/XMLSchema-instance" xsi:type="LineSegment">
                      <layout:start layout:x="680" layout:y="95"/>
                      <layout:end layout:x="810" layout:y="115"/>
                    </layout:curveSegment>
                  </layout:listOfCurveSegments>
                </layout:curve>
              </layout:speciesReferenceGlyph>
            </layout:listOfSpeciesReferenceGlyphs>
          </layout:reactionGlyph>
          <layout:reactionGlyph layout:id="Glyph__S11__repression__S10">
            <layout:boundingBox>
              <layout:position layout:x="0" layout:y="0"/>
              <layout:dimensions layout:width="0" layout:height="0"/>
            </layout:boundingBox>
            <layout:listOfSpeciesReferenceGlyphs>
              <layout:speciesReferenceGlyph layout:id="Glyph__S11__product__S10" layout:speciesGlyph="Glyph__S10" layout:role="product">
                <layout:curve>
                  <layout:listOfCurveSegments>
                    <layout:curveSegment xmlns:xsi="http://www.w3.org/2001/XMLSchema-instance" xsi:type="LineSegment">
                      <layout:start layout:x="680" layout:y="145"/>
                      <layout:end layout:x="810" layout:y="115"/>
                    </layout:curveSegment>
                  </layout:listOfCurveSegments>
                </layout:curve>
              </layout:speciesReferenceGlyph>
            </layout:listOfSpeciesReferenceGlyphs>
          </layout:reactionGlyph>
          <layout:reactionGlyph layout:id="Glyph__S10__complex__S14">
            <layout:boundingBox>
              <layout:position layout:x="0" layout:y="0"/>
              <layout:dimensions layout:width="0" layout:height="0"/>
            </layout:boundingBox>
            <layout:listOfSpeciesReferenceGlyphs>
              <layout:speciesReferenceGlyph layout:id="Glyph__S10__product__S14" layout:speciesGlyph="Glyph__S14" layout:role="product">
                <layout:curve>
                  <layout:listOfCurveSegments>
                    <layout:curveSegment xmlns:xsi="http://www.w3.org/2001/XMLSchema-instance" xsi:type="LineSegment">
                      <layout:start layout:x="810" layout:y="115"/>
                      <layout:end layout:x="790" layout:y="175"/>
                    </layout:curveSegment>
                  </layout:listOfCurveSegments>
                </layout:curve>
              </layout:speciesReferenceGlyph>
            </layout:listOfSpeciesReferenceGlyphs>
          </layout:reactionGlyph>
          <layout:reactionGlyph layout:id="Glyph__S13__complex__S14">
            <layout:boundingBox>
              <layout:position layout:x="0" layout:y="0"/>
              <layout:dimensions layout:width="0" layout:height="0"/>
            </layout:boundingBox>
            <layout:listOfSpeciesReferenceGlyphs>
              <layout:speciesReferenceGlyph layout:id="Glyph__S13__product__S14" layout:speciesGlyph="Glyph__S14" layout:role="product">
                <layout:curve>
                  <layout:listOfCurveSegments>
                    <layout:curveSegment xmlns:xsi="http://www.w3.org/2001/XMLSchema-instance" xsi:type="LineSegment">
                      <layout:start layout:x="910" layout:y="175"/>
                      <layout:end layout:x="790" layout:y="175"/>
                    </layout:curveSegment>
                  </layout:listOfCurveSegments>
                </layout:curve>
              </layout:speciesReferenceGlyph>
            </layout:listOfSpeciesReferenceGlyphs>
          </layout:reactionGlyph>
          <layout:reactionGlyph layout:id="Glyph__S14__repression__S15">
            <layout:boundingBox>
              <layout:position layout:x="0" layout:y="0"/>
              <layout:dimensions layout:width="0" layout:height="0"/>
            </layout:boundingBox>
            <layout:listOfSpeciesReferenceGlyphs>
              <layout:speciesReferenceGlyph layout:id="Glyph__S14__product__S15" layout:speciesGlyph="Glyph__S15" layout:role="product">
                <layout:curve>
                  <layout:listOfCurveSegments>
                    <layout:curveSegment xmlns:xsi="http://www.w3.org/2001/XMLSchema-instance" xsi:type="LineSegment">
                      <layout:start layout:x="790" layout:y="175"/>
                      <layout:end layout:x="750" layout:y="225"/>
                    </layout:curveSegment>
                  </layout:listOfCurveSegments>
                </layout:curve>
              </layout:speciesReferenceGlyph>
            </layout:listOfSpeciesReferenceGlyphs>
          </layout:reactionGlyph>
          <layout:reactionGlyph layout:id="Glyph__S15__repression__S16">
            <layout:boundingBox>
              <layout:position layout:x="0" layout:y="0"/>
              <layout:dimensions layout:width="0" layout:height="0"/>
            </layout:boundingBox>
            <layout:listOfSpeciesReferenceGlyphs>
              <layout:speciesReferenceGlyph layout:id="Glyph__S15__product__S16" layout:speciesGlyph="Glyph__S16" layout:role="product">
                <layout:curve>
                  <layout:listOfCurveSegments>
                    <layout:curveSegment xmlns:xsi="http://www.w3.org/2001/XMLSchema-instance" xsi:type="LineSegment">
                      <layout:start layout:x="750" layout:y="225"/>
                      <layout:end layout:x="620" layout:y="245"/>
                    </layout:curveSegment>
                  </layout:listOfCurveSegments>
                </layout:curve>
              </layout:speciesReferenceGlyph>
            </layout:listOfSpeciesReferenceGlyphs>
          </layout:reactionGlyph>
          <layout:reactionGlyph layout:id="Glyph__S17__repression__S16">
            <layout:boundingBox>
              <layout:position layout:x="0" layout:y="0"/>
              <layout:dimensions layout:width="0" layout:height="0"/>
            </layout:boundingBox>
            <layout:listOfSpeciesReferenceGlyphs>
              <layout:speciesReferenceGlyph layout:id="Glyph__S17__product__S16" layout:speciesGlyph="Glyph__S16" layout:role="product">
                <layout:curve>
                  <layout:listOfCurveSegments>
                    <layout:curveSegment xmlns:xsi="http://www.w3.org/2001/XMLSchema-instance" xsi:type="LineSegment">
                      <layout:start layout:x="750" layout:y="275"/>
                      <layout:end layout:x="620" layout:y="245"/>
                    </layout:curveSegment>
                  </layout:listOfCurveSegments>
                </layout:curve>
              </layout:speciesReferenceGlyph>
            </layout:listOfSpeciesReferenceGlyphs>
          </layout:reactionGlyph>
          <layout:reactionGlyph layout:id="Glyph__S18__complex__S19">
            <layout:boundingBox>
              <layout:position layout:x="0" layout:y="0"/>
              <layout:dimensions layout:width="0" layout:height="0"/>
            </layout:boundingBox>
            <layout:listOfSpeciesReferenceGlyphs>
              <layout:speciesReferenceGlyph layout:id="Glyph__S18__product__S19" layout:speciesGlyph="Glyph__S19" layout:role="product">
                <layout:curve>
                  <layout:listOfCurveSegments>
                    <layout:curveSegment xmlns:xsi="http://www.w3.org/2001/XMLSchema-instance" xsi:type="LineSegment">
                      <layout:start layout:x="530" layout:y="185"/>
                      <layout:end layout:x="500" layout:y="245"/>
                    </layout:curveSegment>
                  </layout:listOfCurveSegments>
                </layout:curve>
              </layout:speciesReferenceGlyph>
            </layout:listOfSpeciesReferenceGlyphs>
          </layout:reactionGlyph>
          <layout:reactionGlyph layout:id="Glyph__S16__complex__S19">
            <layout:boundingBox>
              <layout:position layout:x="0" layout:y="0"/>
              <layout:dimensions layout:width="0" layout:height="0"/>
            </layout:boundingBox>
            <layout:listOfSpeciesReferenceGlyphs>
              <layout:speciesReferenceGlyph layout:id="Glyph__S16__product__S19" layout:speciesGlyph="Glyph__S19" layout:role="product">
                <layout:curve>
                  <layout:listOfCurveSegments>
                    <layout:curveSegment xmlns:xsi="http://www.w3.org/2001/XMLSchema-instance" xsi:type="LineSegment">
                      <layout:start layout:x="620" layout:y="245"/>
                      <layout:end layout:x="500" layout:y="245"/>
                    </layout:curveSegment>
                  </layout:listOfCurveSegments>
                </layout:curve>
              </layout:speciesReferenceGlyph>
            </layout:listOfSpeciesReferenceGlyphs>
          </layout:reactionGlyph>
          <layout:reactionGlyph layout:id="Glyph__S19__repression__S20">
            <layout:boundingBox>
              <layout:position layout:x="0" layout:y="0"/>
              <layout:dimensions layout:width="0" layout:height="0"/>
            </layout:boundingBox>
            <layout:listOfSpeciesReferenceGlyphs>
              <layout:speciesReferenceGlyph layout:id="Glyph__S19__product__S20" layout:speciesGlyph="Glyph__S20" layout:role="product">
                <layout:curve>
                  <layout:listOfCurveSegments>
                    <layout:curveSegment xmlns:xsi="http://www.w3.org/2001/XMLSchema-instance" xsi:type="LineSegment">
                      <layout:start layout:x="500" layout:y="245"/>
                      <layout:end layout:x="370" layout:y="245"/>
                    </layout:curveSegment>
                  </layout:listOfCurveSegments>
                </layout:curve>
              </layout:speciesReferenceGlyph>
            </layout:listOfSpeciesReferenceGlyphs>
          </layout:reactionGlyph>
          <layout:reactionGlyph layout:id="Glyph__S21__repression__S22">
            <layout:boundingBox>
              <layout:position layout:x="0" layout:y="0"/>
              <layout:dimensions layout:width="0" layout:height="0"/>
            </layout:boundingBox>
            <layout:listOfSpeciesReferenceGlyphs>
              <layout:speciesReferenceGlyph layout:id="Glyph__S21__product__S22" layout:speciesGlyph="Glyph__S22" layout:role="product">
                <layout:curve>
                  <layout:listOfCurveSegments>
                    <layout:curveSegment xmlns:xsi="http://www.w3.org/2001/XMLSchema-instance" xsi:type="LineSegment">
                      <layout:start layout:x="320" layout:y="195"/>
                      <layout:end layout:x="240" layout:y="245"/>
                    </layout:curveSegment>
                  </layout:listOfCurveSegments>
                </layout:curve>
              </layout:speciesReferenceGlyph>
            </layout:listOfSpeciesReferenceGlyphs>
          </layout:reactionGlyph>
          <layout:reactionGlyph layout:id="Glyph__S20__repression__S22">
            <layout:boundingBox>
              <layout:position layout:x="0" layout:y="0"/>
              <layout:dimensions layout:width="0" layout:height="0"/>
            </layout:boundingBox>
            <layout:listOfSpeciesReferenceGlyphs>
              <layout:speciesReferenceGlyph layout:id="Glyph__S20__product__S22" layout:speciesGlyph="Glyph__S22" layout:role="product">
                <layout:curve>
                  <layout:listOfCurveSegments>
                    <layout:curveSegment xmlns:xsi="http://www.w3.org/2001/XMLSchema-instance" xsi:type="LineSegment">
                      <layout:start layout:x="370" layout:y="245"/>
                      <layout:end layout:x="240" layout:y="245"/>
                    </layout:curveSegment>
                  </layout:listOfCurveSegments>
                </layout:curve>
              </layout:speciesReferenceGlyph>
            </layout:listOfSpeciesReferenceGlyphs>
          </layout:reactionGlyph>
        </layout:listOfReactionGlyphs>
        <layout:listOfTextGlyphs>
          <layout:textGlyph layout:id="TextGlyph__Cell" layout:text="Cell" layout:graphicalObject="Glyph__Cell">
            <layout:boundingBox>
              <layout:position layout:x="0" layout:y="0"/>
              <layout:dimensions layout:width="1070" layout:height="425"/>
            </layout:boundingBox>
          </layout:textGlyph>
          <layout:textGlyph layout:id="TextGlyph__S0" layout:text="S0" layout:graphicalObject="Glyph__S0">
            <layout:boundingBox>
              <layout:position layout:x="10" layout:y="10"/>
              <layout:dimensions layout:width="100" layout:height="30"/>
            </layout:boundingBox>
          </layout:textGlyph>
          <layout:textGlyph layout:id="TextGlyph__S1" layout:text="S1" layout:graphicalObject="Glyph__S1">
            <layout:boundingBox>
              <layout:position layout:x="10" layout:y="50"/>
              <layout:dimensions layout:width="100" layout:height="30"/>
            </layout:boundingBox>
          </layout:textGlyph>
          <layout:textGlyph layout:id="TextGlyph__S2" layout:text="S2" layout:graphicalObject="Glyph__S2">
            <layout:boundingBox>
              <layout:position layout:x="130" layout:y="30"/>
              <layout:dimensions layout:width="100" layout:height="30"/>
            </layout:boundingBox>
          </layout:textGlyph>
          <layout:textGlyph layout:id="TextGlyph__S3" layout:text="S3" layout:graphicalObject="Glyph__S3">
            <layout:boundingBox>
              <layout:position layout:x="260" layout:y="80"/>
              <layout:dimensions layout:width="100" layout:height="30"/>
            </layout:boundingBox>
          </layout:textGlyph>
          <layout:textGlyph layout:id="TextGlyph__S4" layout:text="S4" layout:graphicalObject="Glyph__S4">
            <layout:boundingBox>
              <layout:position layout:x="260" layout:y="30"/>
              <layout:dimensions layout:width="100" layout:height="30"/>
            </layout:boundingBox>
          </layout:textGlyph>
          <layout:textGlyph layout:id="TextGlyph__S6" layout:text="S6" layout:graphicalObject="Glyph__S6">
            <layout:boundingBox>
              <layout:position layout:x="390" layout:y="50"/>
              <layout:dimensions layout:width="100" layout:height="30"/>
            </layout:boundingBox>
          </layout:textGlyph>
          <layout:textGlyph layout:id="TextGlyph__S7" layout:text="S7" layout:graphicalObject="Glyph__S7">
            <layout:boundingBox>
              <layout:position layout:x="390" layout:y="110"/>
              <layout:dimensions layout:width="100" layout:height="30"/>
            </layout:boundingBox>
          </layout:textGlyph>
          <layout:textGlyph layout:id="TextGlyph__S8" layout:text="S8" layout:graphicalObject="Glyph__S8">
            <layout:boundingBox>
              <layout:position layout:x="500" layout:y="80"/>
              <layout:dimensions layout:width="100" layout:height="30"/>
            </layout:boundingBox>
          </layout:textGlyph>
          <layout:textGlyph layout:id="TextGlyph__S9" layout:text="S9" layout:graphicalObject="Glyph__S9">
            <layout:boundingBox>
              <layout:position layout:x="630" layout:y="80"/>
              <layout:dimensions layout:width="100" layout:height="30"/>
            </layout:boundingBox>
          </layout:textGlyph>
          <layout:textGlyph layout:id="TextGlyph__S10" layout:text="S10" layout:graphicalObject="Glyph__S10">
            <layout:boundingBox>
              <layout:position layout:x="760" layout:y="100"/>
              <layout:dimensions layout:width="100" layout:height="30"/>
            </layout:boundingBox>
          </layout:textGlyph>
          <layout:textGlyph layout:id="TextGlyph__S11" layout:text="S11" layout:graphicalObject="Glyph__S11">
            <layout:boundingBox>
              <layout:position layout:x="630" layout:y="130"/>
              <layout:dimensions layout:width="100" layout:height="30"/>
            </layout:boundingBox>
          </layout:textGlyph>
          <layout:textGlyph layout:id="TextGlyph__S13" layout:text="S13" layout:graphicalObject="Glyph__S13">
            <layout:boundingBox>
              <layout:position layout:x="860" layout:y="160"/>
              <layout:dimensions layout:width="100" layout:height="30"/>
            </layout:boundingBox>
          </layout:textGlyph>
          <layout:textGlyph layout:id="TextGlyph__S14" layout:text="S14" layout:graphicalObject="Glyph__S14">
            <layout:boundingBox>
              <layout:position layout:x="740" layout:y="160"/>
              <layout:dimensions layout:width="100" layout:height="30"/>
            </layout:boundingBox>
          </layout:textGlyph>
          <layout:textGlyph layout:id="TextGlyph__S15" layout:text="S15" layout:graphicalObject="Glyph__S15">
            <layout:boundingBox>
              <layout:position layout:x="700" layout:y="210"/>
              <layout:dimensions layout:width="100" layout:height="30"/>
            </layout:boundingBox>
          </layout:textGlyph>
          <layout:textGlyph layout:id="TextGlyph__S16" layout:text="S16" layout:graphicalObject="Glyph__S16">
            <layout:boundingBox>
              <layout:position layout:x="570" layout:y="230"/>
              <layout:dimensions layout:width="100" layout:height="30"/>
            </layout:boundingBox>
          </layout:textGlyph>
          <layout:textGlyph layout:id="TextGlyph__S17" layout:text="S17" layout:graphicalObject="Glyph__S17">
            <layout:boundingBox>
              <layout:position layout:x="700" layout:y="260"/>
              <layout:dimensions layout:width="100" layout:height="30"/>
            </layout:boundingBox>
          </layout:textGlyph>
          <layout:textGlyph layout:id="TextGlyph__S18" layout:text="S18" layout:graphicalObject="Glyph__S18">
            <layout:boundingBox>
              <layout:position layout:x="480" layout:y="170"/>
              <layout:dimensions layout:width="100" layout:height="30"/>
            </layout:boundingBox>
          </layout:textGlyph>
          <layout:textGlyph layout:id="TextGlyph__S19" layout:text="S19" layout:graphicalObject="Glyph__S19">
            <layout:boundingBox>
              <layout:position layout:x="450" layout:y="230"/>
              <layout:dimensions layout:width="100" layout:height="30"/>
            </layout:boundingBox>
          </layout:textGlyph>
          <layout:textGlyph layout:id="TextGlyph__S20" layout:text="S20" layout:graphicalObject="Glyph__S20">
            <layout:boundingBox>
              <layout:position layout:x="320" layout:y="230"/>
              <layout:dimensions layout:width="100" layout:height="30"/>
            </layout:boundingBox>
          </layout:textGlyph>
          <layout:textGlyph layout:id="TextGlyph__S21" layout:text="S21" layout:graphicalObject="Glyph__S21">
            <layout:boundingBox>
              <layout:position layout:x="270" layout:y="180"/>
              <layout:dimensions layout:width="100" layout:height="30"/>
            </layout:boundingBox>
          </layout:textGlyph>
          <layout:textGlyph layout:id="TextGlyph__S22" layout:text="S22" layout:graphicalObject="Glyph__S22">
            <layout:boundingBox>
              <layout:position layout:x="190" layout:y="230"/>
              <layout:dimensions layout:width="100" layout:height="30"/>
            </layout:boundingBox>
          </layout:textGlyph>
        </layout:listOfTextGlyphs>
      </layout:layout>
    </layout:listOfLayouts>
    <comp:listOfPorts>
      <comp:port sboTerm="SBO:0000601" comp:idRef="Cell" comp:id="compartment__Cell"/>
    </comp:listOfPorts>
  </model>
</sbml>
