<?xml version="1.0" encoding="UTF-8"?>
<sbml xmlns="http://www.sbml.org/sbml/level3/version1/core" xmlns:layout="http://www.sbml.org/sbml/level3/version1/layout/version1" xmlns:comp="http://www.sbml.org/sbml/level3/version1/comp/version1" level="3" version="1" layout:required="false" comp:required="true">
  <model metaid="iBioSim1" id="oai_cascade">
    <listOfCompartments>
      <compartment id="Cell" spatialDimensions="3" size="1" constant="true"/>
    </listOfCompartments>
    <listOfSpecies>
      <species metaid="iBioSim8" id="S6" compartment="Cell" initialAmount="0" hasOnlySubstanceUnits="true" boundaryCondition="false" constant="false"/>
      <species metaid="iBioSim9" id="S7" compartment="Cell" initialAmount="0" hasOnlySubstanceUnits="true" boundaryCondition="false" constant="false"/>
      <species metaid="iBioSim10" id="S8" compartment="Cell" initialAmount="0" hasOnlySubstanceUnits="true" boundaryCondition="false" constant="false"/>
      <species metaid="iBioSim11" id="S9" compartment="Cell" initialAmount="0" hasOnlySubstanceUnits="true" boundaryCondition="false" constant="false"/>
      <species metaid="iBioSim12" id="S10" compartment="Cell" initialAmount="0" hasOnlySubstanceUnits="true" boundaryCondition="false" constant="false"/>
      <species metaid="iBioSim13" id="S11" compartment="Cell" initialAmount="0" hasOnlySubstanceUnits="true" boundaryCondition="false" constant="false"/>
      <species metaid="iBioSim22" sboTerm="SBO:0000590" id="P4" compartment="Cell" initialAmount="2" hasOnlySubstanceUnits="true" boundaryCondition="false" constant="false"/>
      <species metaid="iBioSim26" sboTerm="SBO:0000590" id="P6" compartment="Cell" initialAmount="2" hasOnlySubstanceUnits="true" boundaryCondition="false" constant="false"/>
      <species metaid="iBioSim31" id="S13" compartment="Cell" initialAmount="0" hasOnlySubstanceUnits="true" boundaryCondition="false" constant="false"/>
      <species metaid="iBioSim33" id="S15" compartment="Cell" initialAmount="0" hasOnlySubstanceUnits="true" boundaryCondition="false" constant="false"/>
      <species metaid="iBioSim34" id="S16" compartment="Cell" initialAmount="0" hasOnlySubstanceUnits="true" boundaryCondition="false" constant="false"/>
      <species metaid="iBioSim38" sboTerm="SBO:0000590" id="P9" compartment="Cell" initialAmount="2" hasOnlySubstanceUnits="true" boundaryCondition="false" constant="false"/>
      <species metaid="iBioSim40" id="S18" compartment="Cell" initialAmount="0" hasOnlySubstanceUnits="true" boundaryCondition="false" constant="false"/>
      <species metaid="iBioSim41" sboTerm="SBO:0000590" id="P10" compartment="Cell" initialAmount="2" hasOnlySubstanceUnits="true" boundaryCondition="false" constant="false"/>
      <species metaid="iBioSim50" id="S22" compartment="Cell" initialAmount="0" hasOnlySubstanceUnits="true" boundaryCondition="false" constant="false"/>
      <species metaid="iBioSim51" id="S23" compartment="Cell" initialAmount="0" hasOnlySubstanceUnits="true" boundaryCondition="false" constant="false"/>
      <species metaid="iBioSim52" id="S24" compartment="Cell" initialAmount="0" hasOnlySubstanceUnits="true" boundaryCondition="false" constant="false"/>
      <species metaid="iBioSim53" id="S25" compartment="Cell" initialAmount="0" hasOnlySubstanceUnits="true" boundaryCondition="false" constant="false"/>
      <species metaid="iBioSim54" id="S26" compartment="Cell" initialAmount="0" hasOnlySubstanceUnits="true" boundaryCondition="false" constant="false"/>
      <species metaid="iBioSim55" id="S27" compartment="Cell" initialAmount="0" hasOnlySubstanceUnits="true" boundaryCondition="false" constant="false"/>
      <species metaid="iBioSim56" sboTerm="SBO:0000590" id="P13" compartment="Cell" initialAmount="2" hasOnlySubstanceUnits="true" boundaryCondition="false" constant="false"/>
      <species metaid="iBioSim60" sboTerm="SBO:0000590" id="P15" compartment="Cell" initialAmount="2" hasOnlySubstanceUnits="true" boundaryCondition="false" constant="false"/>
      <species metaid="iBioSim64" id="S28" compartment="Cell" initialAmount="0" hasOnlySubstanceUnits="true" boundaryCondition="false" constant="false"/>
      <species metaid="iBioSim65" id="S29" compartment="Cell" initialAmount="0" hasOnlySubstanceUnits="true" boundaryCondition="false" constant="false"/>
      <species metaid="iBioSim66" sboTerm="SBO:0000590" id="P17" compartment="Cell" initialAmount="2" hasOnlySubstanceUnits="true" boundaryCondition="false" constant="false"/>
      <species metaid="iBioSim75" id="S37" compartment="Cell" initialAmount="0" hasOnlySubstanceUnits="true" boundaryCondition="false" constant="false"/>
      <species metaid="iBioSim86" id="S38" compartment="Cell" initialAmount="0" hasOnlySubstanceUnits="true" boundaryCondition="false" constant="false"/>
      <species metaid="iBioSim87" sboTerm="SBO:0000590" id="P23" compartment="Cell" initialAmount="2" hasOnlySubstanceUnits="true" boundaryCondition="false" constant="false"/>
      <species metaid="iBioSim91" id="S39" compartment="Cell" initialAmount="0" hasOnlySubstanceUnits="true" boundaryCondition="false" constant="false"/>
      <species metaid="iBioSim93" id="S41" compartment="Cell" initialAmount="0" hasOnlySubstanceUnits="true" boundaryCondition="false" constant="false"/>
      <species metaid="iBioSim94" sboTerm="SBO:0000590" id="P25" compartment="Cell" initialAmount="2" hasOnlySubstanceUnits="true" boundaryCondition="false" constant="false"/>
    </listOfSpecies>
    <listOfParameters>
      <parameter metaid="iBioSim16" id="kr_f" name="Forward repression binding rate" value="0.5" constant="true"/>
      <parameter metaid="iBioSim17" id="kr_r" name="Reverse repression binding rate" value="1" constant="true"/>
      <parameter metaid="iBioSim20" id="ka_f" name="Forward activation binding rate" value="0.0033" constant="true"/>
      <parameter metaid="iBioSim21" id="ka_r" name="Reverse activation binding rate" value="1" constant="true"/>
      <parameter metaid="iBioSim24" id="ko_f" name="Forward RNAP binding rate" value="0.033" constant="true"/>
      <parameter metaid="iBioSim25" id="ko_r" name="Reverse RNAP binding rate" value="1" constant="true"/>
      <parameter metaid="iBioSim28" id="kao_f" name="Forward activated RNAP binding rate" value="1" constant="true"/>
      <parameter metaid="iBioSim29" id="kao_r" name="Reverse activated RNAP binding rate" value="1" constant="true"/>
      <parameter metaid="iBioSim32" id="nc" name="Stoichiometry of binding" value="2" constant="true"/>
      <parameter metaid="iBioSim37" id="nr" name="Initial RNAP count" value="30" constant="true"/>
      <parameter metaid="iBioSim43" id="ko" name="Open complex production rate" value="0.05" constant="true"/>
      <parameter metaid="iBioSim44" id="kb" name="Basal production rate" value="0.0001" constant="true"/>
      <parameter metaid="iBioSim45" id="ng" name="Initial promoter count" value="2" constant="true"/>
      <parameter metaid="iBioSim46" id="np" name="Stoichiometry of production" value="10" constant="true"/>
      <parameter metaid="iBioSim47" id="ka" name="Activated production rate" value="0.25" constant="true"/>
      <parameter metaid="iBioSim48" id="kc_f" name="Forward complex formation rate" value="0.05" constant="true"/>
      <parameter metaid="iBioSim49" id="kc_r" name="Reverse complex formation rate" value="1" constant="true"/>
    </listOfParameters>
    <listOfReactions>
      <reaction metaid="iBioSim23" sboTerm="SBO:0000589" id="Production_P4" reversible="false" fast="false" compartment="Cell">
        <listOfProducts>
          <speciesReference species="S7" stoichiometry="10" constant="true"/>
        </listOfProducts>
        <listOfModifiers>
          <modifierSpeciesReference sboTerm="SBO:0000598" species="P4"/>
          <modifierSpeciesReference sboTerm="SBO:0000459" species="S6"/>
          <modifierSpeciesReference sboTerm="SBO:0000459" species="S8"/>
        </listOfModifiers>
        <kineticLaw>
          <math xmlns="http://www.w3.org/1998/Math/MathML">
            <apply>
              <divide/>
              <apply>
                <times/>
                <ci> P4 </ci>
                <apply>
                  <plus/>
                  <apply>
                    <times/>
                    <ci> kb </ci>
                    <apply>
                      <divide/>
                      <ci> ko_f </ci>
                      <ci> ko_r </ci>
                    </apply>
                    <ci> nr </ci>
                  </apply>
                  <apply>
                    <times/>
                    <ci> ka </ci>
                    <apply>
                      <divide/>
                      <ci> kao_f </ci>
                      <ci> kao_r </ci>
                    </apply>
                    <ci> nr </ci>
                    <apply>
                      <power/>
                      <apply>
                        <times/>
                        <apply>
                          <divide/>
                          <ci> ka_f </ci>
                          <ci> ka_r </ci>
                        </apply>
                        <ci> S6 </ci>
                      </apply>
                      <ci> nc </ci>
                    </apply>
                  </apply>
                  <apply>
                    <times/>
                    <ci> ka </ci>
                    <apply>
                      <divide/>
                      <ci> kao_f </ci>
                      <ci> kao_r </ci>
                    </apply>
                    <ci> nr </ci>
                    <apply>
                      <power/>
                      <apply>
                        <times/>
                        <apply>
                          <divide/>
                          <ci> ka_f </ci>
                          <ci> ka_r </ci>
                        </apply>
                        <ci> S8 </ci>
                      </apply>
                      <ci> nc </ci>
                    </apply>
                  </apply>
                </apply>
              </apply>
              <apply>
                <plus/>
                <cn type="integer"> 1 </cn>
                <apply>
                  <times/>
                  <apply>
                    <divide/>
                    <ci> ko_f </ci>
                    <ci> ko_r </ci>
                  </apply>
                  <ci> nr </ci>
                </apply>
                <apply>
                  <times/>
                  <apply>
                    <divide/>
                    <ci> kao_f </ci>
                    <ci> kao_r </ci>
                  </apply>
                  <ci> nr </ci>
                  <apply>
                    <power/>
                    <apply>
                      <times/>
                      <apply>
                        <divide/>
                        <ci> ka_f </ci>
                        <ci> ka_r </ci>
                      </apply>
                      <ci> S6 </ci>
                    </apply>
                    <ci> nc </ci>
                  </apply>
                </apply>
                <apply>
                  <times/>
                  <apply>
                    <divide/>
                    <ci> kao_f </ci>
                    <ci> kao_r </ci>
                  </apply>
                  <ci> nr </ci>
                  <apply>
                    <power/>
                    <apply>
                      <times/>
                      <apply>
                        <divide/>
                        <ci> ka_f </ci>
                        <ci> ka_r </ci>
                      </apply>
                      <ci> S8 </ci>
                    </apply>
                    <ci> nc </ci>
                  </apply>
                </apply>
              </apply>
            </apply>
          </math>
        </kineticLaw>
      </reaction>
      <reaction metaid="iBioSim27" sboTerm="SBO:0000589" id="Production_P6" reversible="false" fast="false" compartment="Cell">
        <listOfProducts>
          <speciesReference species="S11" stoichiometry="10" constant="true"/>
        </listOfProducts>
        <listOfModifiers>
          <modifierSpeciesReference sboTerm="SBO:0000598" species="P6"/>
          <modifierSpeciesReference sboTerm="SBO:0000459" species="S9"/>
          <modifierSpeciesReference sboTerm="SBO:0000459" species="S10"/>
        </listOfModifiers>
        <kineticLaw>
          <math xmlns="http://www.w3.org/1998/Math/MathML">
            <apply>
              <divide/>
              <apply>
                <times/>
                <ci> P6 </ci>
                <apply>
                  <plus/>
                  <apply>
                    <times/>
                    <ci> kb </ci>
                    <apply>
                      <divide/>
                      <ci> ko_f </ci>
                      <ci> ko_r </ci>
                    </apply>
                    <ci> nr </ci>
                  </apply>
                  <apply>
                    <times/>
                    <ci> ka </ci>
                    <apply>
                      <divide/>
                      <ci> kao_f </ci>
                      <ci> kao_r </ci>
                    </apply>
                    <ci> nr </ci>
                    <apply>
                      <power/>
                      <apply>
                        <times/>
                        <apply>
                          <divide/>
                          <ci> ka_f </ci>
                          <ci> ka_r </ci>
                        </apply>
                        <ci> S9 </ci>
                      </apply>
                      <ci> nc </ci>
                    </apply>
                  </apply>
                  <apply>
                    <times/>
                    <ci> ka </ci>
                    <apply>
                      <divide/>
                      <ci> kao_f </ci>
                      <ci> kao_r </ci>
                    </apply>
                    <ci> nr </ci>
                    <apply>
                      <power/>
                      <apply>
                        <times/>
                        <apply>
                          <divide/>
                          <ci> ka_f </ci>
                          <ci> ka_r </ci>
                        </apply>
                        <ci> S10 </ci>
                      </apply>
                      <ci> nc </ci>
                    </apply>
                  </apply>
                </apply>
              </apply>
              <apply>
                <plus/>
                <cn type="integer"> 1 </cn>
                <apply>
                  <times/>
                  <apply>
                    <divide/>
                    <ci> ko_f </ci>
                    <ci> ko_r </ci>
                  </apply>
                  <ci> nr </ci>
                </apply>
                <apply>
                  <times/>
                  <apply>
                    <divide/>
                    <ci> kao_f </ci>
                    <ci> kao_r </ci>
                  </apply>
                  <ci> nr </ci>
                  <apply>
                    <power/>
                    <apply>
                      <times/>
                      <apply>
                        <divide/>
                        <ci> ka_f </ci>
                        <ci> ka_r </ci>
                      </apply>
                      <ci> S9 </ci>
                    </apply>
                    <ci> nc </ci>
                  </apply>
                </apply>
                <apply>
                  <times/>
                  <apply>
                    <divide/>
                    <ci> kao_f </ci>
                    <ci> kao_r </ci>
                  </apply>
                  <ci> nr </ci>
                  <apply>
                    <power/>
                    <apply>
                      <times/>
                      <apply>
                        <divide/>
                        <ci> ka_f </ci>
                        <ci> ka_r </ci>
                      </apply>
                      <ci> S10 </ci>
                    </apply>
                    <ci> nc </ci>
                  </apply>
                </apply>
              </apply>
            </apply>
          </math>
        </kineticLaw>
      </reaction>
      <reaction metaid="iBioSim59" sboTerm="SBO:0000177" id="Complex_S13" reversible="true" fast="false" compartment="Cell">
        <listOfReactants>
          <speciesReference species="S7" stoichiometry="2" constant="true"/>
          <speciesReference species="S11" stoichiometry="2" constant="true"/>
        </listOfReactants>
        <listOfProducts>
          <speciesReference species="S13" stoichiometry="1" constant="true"/>
        </listOfProducts>
        <kineticLaw>
          <math xmlns="http://www.w3.org/1998/Math/MathML">
            <apply>
              <minus/>
              <apply>
                <times/>
                <ci> kc_f </ci>
                <apply>
                  <power/>
                  <ci> S7 </ci>
                  <ci> nc </ci>
                </apply>
                <apply>
                  <power/>
                  <ci> S11 </ci>
                  <ci> nc </ci>
                </apply>
              </apply>
              <apply>
                <times/>
                <ci> kc_r </ci>
                <ci> S13 </ci>
              </apply>
            </apply>
          </math>
        </kineticLaw>
      </reaction>
      <reaction metaid="iBioSim39" sboTerm="SBO:0000589" id="Production_P9" reversible="false" fast="false" compartment="Cell">
        <listOfProducts>
          <speciesReference species="S16" stoichiometry="10" constant="true"/>
        </listOfProducts>
        <listOfModifiers>
          <modifierSpeciesReference sboTerm="SBO:0000598" species="P9"/>
          <modifierSpeciesReference sboTerm="SBO:0000020" species="S13"/>
        </listOfModifiers>
        <kineticLaw>
          <math xmlns="http://www.w3.org/1998/Math/MathML">
            <apply>
              <divide/>
              <apply>
                <times/>
                <ci> P9 </ci>
                <ci> ko </ci>
                <apply>
                  <divide/>
                  <ci> ko_f </ci>
                  <ci> ko_r </ci>
                </apply>
                <ci> nr </ci>
              </apply>
              <apply>
                <plus/>
                <cn type="integer"> 1 </cn>
                <apply>
                  <times/>
                  <apply>
                    <divide/>
                    <ci> ko_f </ci>
                    <ci> ko_r </ci>
                  </apply>
                  <ci> nr </ci>
                </apply>
                <apply>
                  <power/>
                  <apply>
                    <times/>
                    <apply>
                      <divide/>
                      <ci> kr_f </ci>
                      <ci> kr_r </ci>
                    </apply>
                    <ci> S13 </ci>
                  </apply>
                  <ci> nc </ci>
                </apply>
              </apply>
            </apply>
          </math>
        </kineticLaw>
      </reaction>
      <reaction metaid="iBioSim42" sboTerm="SBO:0000589" id="Production_P10" reversible="false" fast="false" compartment="Cell">
        <listOfProducts>
          <speciesReference species="S18" stoichiometry="10" constant="true"/>
        </listOfProducts>
        <listOfModifiers>
          <modifierSpeciesReference sboTerm="SBO:0000598" species="P10"/>
          <modifierSpeciesReference sboTerm="SBO:0000459" species="S15"/>
          <modifierSpeciesReference sboTerm="SBO:0000459" species="S16"/>
        </listOfModifiers>
        <kineticLaw>
          <math xmlns="http://www.w3.org/1998/Math/MathML">
            <apply>
              <divide/>
              <apply>
                <times/>
                <ci> P10 </ci>
                <apply>
                  <plus/>
                  <apply>
                    <times/>
                    <ci> kb </ci>
                    <apply>
                      <divide/>
                      <ci> ko_f </ci>
                      <ci> ko_r </ci>
                    </apply>
                    <ci> nr </ci>
                  </apply>
                  <apply>
                    <times/>
                    <ci> ka </ci>
                    <apply>
                      <divide/>
                      <ci> kao_f </ci>
                      <ci> kao_r </ci>
                    </apply>
                    <ci> nr </ci>
                    <apply>
                      <power/>
                      <apply>
                        <times/>
                        <apply>
                          <divide/>
                          <ci> ka_f </ci>
                          <ci> ka_r </ci>
                        </apply>
                        <ci> S15 </ci>
                      </apply>
                      <ci> nc </ci>
                    </apply>
                  </apply>
                  <apply>
                    <times/>
                    <ci> ka </ci>
                    <apply>
                      <divide/>
                      <ci> kao_f </ci>
                      <ci> kao_r </ci>
                    </apply>
                    <ci> nr </ci>
                    <apply>
                      <power/>
                      <apply>
                        <times/>
                        <apply>
                          <divide/>
                          <ci> ka_f </ci>
                          <ci> ka_r </ci>
                        </apply>
                        <ci> S16 </ci>
                      </apply>
                      <ci> nc </ci>
                    </apply>
                  </apply>
                </apply>
              </apply>
              <apply>
                <plus/>
                <cn type="integer"> 1 </cn>
                <apply>
                  <times/>
                  <apply>
                    <divide/>
                    <ci> ko_f </ci>
                    <ci> ko_r </ci>
                  </apply>
                  <ci> nr </ci>
                </apply>
                <apply>
                  <times/>
                  <apply>
                    <divide/>
                    <ci> kao_f </ci>
                    <ci> kao_r </ci>
                  </apply>
                  <ci> nr </ci>
                  <apply>
                    <power/>
                    <apply>
                      <times/>
                      <apply>
                        <divide/>
                        <ci> ka_f </ci>
                        <ci> ka_r </ci>
                      </apply>
                      <ci> S15 </ci>
                    </apply>
                    <ci> nc </ci>
                  </apply>
                </apply>
                <apply>
                  <times/>
                  <apply>
                    <divide/>
                    <ci> kao_f </ci>
                    <ci> kao_r </ci>
                  </apply>
                  <ci> nr </ci>
                  <apply>
                    <power/>
                    <apply>
                      <times/>
                      <apply>
                        <divide/>
                        <ci> ka_f </ci>
                        <ci> ka_r </ci>
                      </apply>
                      <ci> S16 </ci>
                    </apply>
                    <ci> nc </ci>
                  </apply>
                </apply>
              </apply>
            </apply>
          </math>
        </kineticLaw>
      </reaction>
      <reaction metaid="iBioSim57" sboTerm="SBO:0000589" id="Production_P13" reversible="false" fast="false" compartment="Cell">
        <listOfProducts>
          <speciesReference species="S24" stoichiometry="10" constant="true"/>
        </listOfProducts>
        <listOfModifiers>
          <modifierSpeciesReference sboTerm="SBO:0000598" species="P13"/>
          <modifierSpeciesReference sboTerm="SBO:0000459" species="S22"/>
          <modifierSpeciesReference sboTerm="SBO:0000459" species="S23"/>
        </listOfModifiers>
        <kineticLaw>
          <math xmlns="http://www.w3.org/1998/Math/MathML">
            <apply>
              <divide/>
              <apply>
                <times/>
                <ci> P13 </ci>
                <apply>
                  <plus/>
                  <apply>
                    <times/>
                    <ci> kb </ci>
                    <apply>
                      <divide/>
                      <ci> ko_f </ci>
                      <ci> ko_r </ci>
                    </apply>
                    <ci> nr </ci>
                  </apply>
                  <apply>
                    <times/>
                    <ci> ka </ci>
                    <apply>
                      <divide/>
                      <ci> kao_f </ci>
                      <ci> kao_r </ci>
                    </apply>
                    <ci> nr </ci>
                    <apply>
                      <power/>
                      <apply>
                        <times/>
                        <apply>
                          <divide/>
                          <ci> ka_f </ci>
                          <ci> ka_r </ci>
                        </apply>
                        <ci> S22 </ci>
                      </apply>
                      <ci> nc </ci>
                    </apply>
                  </apply>
                  <apply>
                    <times/>
                    <ci> ka </ci>
                    <apply>
                      <divide/>
                      <ci> kao_f </ci>
                      <ci> kao_r </ci>
                    </apply>
                    <ci> nr </ci>
                    <apply>
                      <power/>
                      <apply>
                        <times/>
                        <apply>
                          <divide/>
                          <ci> ka_f </ci>
                          <ci> ka_r </ci>
                        </apply>
                        <ci> S23 </ci>
                      </apply>
                      <ci> nc </ci>
                    </apply>
                  </apply>
                </apply>
              </apply>
              <apply>
                <plus/>
                <cn type="integer"> 1 </cn>
                <apply>
                  <times/>
                  <apply>
                    <divide/>
                    <ci> ko_f </ci>
                    <ci> ko_r </ci>
                  </apply>
                  <ci> nr </ci>
                </apply>
                <apply>
                  <times/>
                  <apply>
                    <divide/>
                    <ci> kao_f </ci>
                    <ci> kao_r </ci>
                  </apply>
                  <ci> nr </ci>
                  <apply>
                    <power/>
                    <apply>
                      <times/>
                      <apply>
                        <divide/>
                        <ci> ka_f </ci>
                        <ci> ka_r </ci>
                      </apply>
                      <ci> S22 </ci>
                    </apply>
                    <ci> nc </ci>
                  </apply>
                </apply>
                <apply>
                  <times/>
                  <apply>
                    <divide/>
                    <ci> kao_f </ci>
                    <ci> kao_r </ci>
                  </apply>
                  <ci> nr </ci>
                  <apply>
                    <power/>
                    <apply>
                      <times/>
                      <apply>
                        <divide/>
                        <ci> ka_f </ci>
                        <ci> ka_r </ci>
                      </apply>
                      <ci> S23 </ci>
                    </apply>
                    <ci> nc </ci>
                  </apply>
                </apply>
              </apply>
            </apply>
          </math>
        </kineticLaw>
      </reaction>
      <reaction metaid="iBioSim61" sboTerm="SBO:0000589" id="Production_P15" reversible="false" fast="false" compartment="Cell">
        <listOfProducts>
          <speciesReference species="S27" stoichiometry="10" constant="true"/>
        </listOfProducts>
        <listOfModifiers>
          <modifierSpeciesReference sboTerm="SBO:0000598" species="P15"/>
          <modifierSpeciesReference sboTerm="SBO:0000459" species="S25"/>
          <modifierSpeciesReference sboTerm="SBO:0000459" species="S26"/>
        </listOfModifiers>
        <kineticLaw>
          <math xmlns="http://www.w3.org/1998/Math/MathML">
            <apply>
              <divide/>
              <apply>
                <times/>
                <ci> P15 </ci>
                <apply>
                  <plus/>
                  <apply>
                    <times/>
                    <ci> kb </ci>
                    <apply>
                      <divide/>
                      <ci> ko_f </ci>
                      <ci> ko_r </ci>
                    </apply>
                    <ci> nr </ci>
                  </apply>
                  <apply>
                    <times/>
                    <ci> ka </ci>
                    <apply>
                      <divide/>
                      <ci> kao_f </ci>
                      <ci> kao_r </ci>
                    </apply>
                    <ci> nr </ci>
                    <apply>
                      <power/>
                      <apply>
                        <times/>
                        <apply>
                          <divide/>
                          <ci> ka_f </ci>
                          <ci> ka_r </ci>
                        </apply>
                        <ci> S25 </ci>
                      </apply>
                      <ci> nc </ci>
                    </apply>
                  </apply>
                  <apply>
                    <times/>
                    <ci> ka </ci>
                    <apply>
                      <divide/>
                      <ci> kao_f </ci>
                      <ci> kao_r </ci>
                    </apply>
                    <ci> nr </ci>
                    <apply>
                      <power/>
                      <apply>
                        <times/>
                        <apply>
                          <divide/>
                          <ci> ka_f </ci>
                          <ci> ka_r </ci>
                        </apply>
                        <ci> S26 </ci>
                      </apply>
                      <ci> nc </ci>
                    </apply>
                  </apply>
                </apply>
              </apply>
              <apply>
                <plus/>
                <cn type="integer"> 1 </cn>
                <apply>
                  <times/>
                  <apply>
                    <divide/>
                    <ci> ko_f </ci>
                    <ci> ko_r </ci>
                  </apply>
                  <ci> nr </ci>
                </apply>
                <apply>
                  <times/>
                  <apply>
                    <divide/>
                    <ci> kao_f </ci>
                    <ci> kao_r </ci>
                  </apply>
                  <ci> nr </ci>
                  <apply>
                    <power/>
                    <apply>
                      <times/>
                      <apply>
                        <divide/>
                        <ci> ka_f </ci>
                        <ci> ka_r </ci>
                      </apply>
                      <ci> S25 </ci>
                    </apply>
                    <ci> nc </ci>
                  </apply>
                </apply>
                <apply>
                  <times/>
                  <apply>
                    <divide/>
                    <ci> kao_f </ci>
                    <ci> kao_r </ci>
                  </apply>
                  <ci> nr </ci>
                  <apply>
                    <power/>
                    <apply>
                      <times/>
                      <apply>
                        <divide/>
                        <ci> ka_f </ci>
                        <ci> ka_r </ci>
                      </apply>
                      <ci> S26 </ci>
                    </apply>
                    <ci> nc </ci>
                  </apply>
                </apply>
              </apply>
            </apply>
          </math>
        </kineticLaw>
      </reaction>
      <reaction metaid="iBioSim62" sboTerm="SBO:0000177" id="Complex_S28" reversible="true" fast="false" compartment="Cell">
        <listOfReactants>
          <speciesReference species="S24" stoichiometry="2" constant="true"/>
          <speciesReference species="S27" stoichiometry="2" constant="true"/>
        </listOfReactants>
        <listOfProducts>
          <speciesReference species="S28" stoichiometry="1" constant="true"/>
        </listOfProducts>
        <kineticLaw>
          <math xmlns="http://www.w3.org/1998/Math/MathML">
            <apply>
              <minus/>
              <apply>
                <times/>
                <ci> kc_f </ci>
                <apply>
                  <power/>
                  <ci> S24 </ci>
                  <ci> nc </ci>
                </apply>
                <apply>
                  <power/>
                  <ci> S27 </ci>
                  <ci> nc </ci>
                </apply>
              </apply>
              <apply>
                <times/>
                <ci> kc_r </ci>
                <ci> S28 </ci>
              </apply>
            </apply>
          </math>
        </kineticLaw>
      </reaction>
      <reaction metaid="iBioSim67" sboTerm="SBO:0000589" id="Production_P17" reversible="false" fast="false" compartment="Cell">
        <listOfProducts>
          <speciesReference species="S29" stoichiometry="10" constant="true"/>
        </listOfProducts>
        <listOfModifiers>
          <modifierSpeciesReference sboTerm="SBO:0000598" species="P17"/>
          <modifierSpeciesReference sboTerm="SBO:0000020" species="S28"/>
        </listOfModifiers>
        <kineticLaw>
          <math xmlns="http://www.w3.org/1998/Math/MathML">
            <apply>
              <divide/>
              <apply>
                <times/>
                <ci> P17 </ci>
                <ci> ko </ci>
                <apply>
                  <divide/>
                  <ci> ko_f </ci>
                  <ci> ko_r </ci>
                </apply>
                <ci> nr </ci>
              </apply>
              <apply>
                <plus/>
                <cn type="integer"> 1 </cn>
                <apply>
                  <times/>
                  <apply>
                    <divide/>
                    <ci> ko_f </ci>
                    <ci> ko_r </ci>
                  </apply>
                  <ci> nr </ci>
                </apply>
                <apply>
                  <power/>
                  <apply>
                    <times/>
                    <apply>
                      <divide/>
                      <ci> kr_f </ci>
                      <ci> kr_r </ci>
                    </apply>
                    <ci> S28 </ci>
                  </apply>
                  <ci> nc </ci>
                </apply>
              </apply>
            </apply>
          </math>
        </kineticLaw>
      </reaction>
      <reaction metaid="iBioSim88" sboTerm="SBO:0000589" id="Production_P23" reversible="false" fast="false" compartment="Cell">
        <listOfProducts>
          <speciesReference species="S38" stoichiometry="10" constant="true"/>
        </listOfProducts>
        <listOfModifiers>
          <modifierSpeciesReference sboTerm="SBO:0000598" species="P23"/>
          <modifierSpeciesReference sboTerm="SBO:0000459" species="S29"/>
          <modifierSpeciesReference sboTerm="SBO:0000459" species="S37"/>
        </listOfModifiers>
        <kineticLaw>
          <math xmlns="http://www.w3.org/1998/Math/MathML">
            <apply>
              <divide/>
              <apply>
                <times/>
                <ci> P23 </ci>
                <apply>
                  <plus/>
                  <apply>
                    <times/>
                    <ci> kb </ci>
                    <apply>
                      <divide/>
                      <ci> ko_f </ci>
                      <ci> ko_r </ci>
                    </apply>
                    <ci> nr </ci>
                  </apply>
                  <apply>
                    <times/>
                    <ci> ka </ci>
                    <apply>
                      <divide/>
                      <ci> kao_f </ci>
                      <ci> kao_r </ci>
                    </apply>
                    <ci> nr </ci>
                    <apply>
                      <power/>
                      <apply>
                        <times/>
                        <apply>
                          <divide/>
                          <ci> ka_f </ci>
                          <ci> ka_r </ci>
                        </apply>
                        <ci> S29 </ci>
                      </apply>
                      <ci> nc </ci>
                    </apply>
                  </apply>
                  <apply>
                    <times/>
                    <ci> ka </ci>
                    <apply>
                      <divide/>
                      <ci> kao_f </ci>
                      <ci> kao_r </ci>
                    </apply>
                    <ci> nr </ci>
                    <apply>
                      <power/>
                      <apply>
                        <times/>
                        <apply>
                          <divide/>
                          <ci> ka_f </ci>
                          <ci> ka_r </ci>
                        </apply>
                        <ci> S37 </ci>
                      </apply>
                      <ci> nc </ci>
                    </apply>
                  </apply>
                </apply>
              </apply>
              <apply>
                <plus/>
                <cn type="integer"> 1 </cn>
                <apply>
                  <times/>
                  <apply>
                    <divide/>
                    <ci> ko_f </ci>
                    <ci> ko_r </ci>
                  </apply>
                  <ci> nr </ci>
                </apply>
                <apply>
                  <times/>
                  <apply>
                    <divide/>
                    <ci> kao_f </ci>
                    <ci> kao_r </ci>
                  </apply>
                  <ci> nr </ci>
                  <apply>
                    <power/>
                    <apply>
                      <times/>
                      <apply>
                        <divide/>
                        <ci> ka_f </ci>
                        <ci> ka_r </ci>
                      </apply>
                      <ci> S29 </ci>
                    </apply>
                    <ci> nc </ci>
                  </apply>
                </apply>
                <apply>
                  <times/>
                  <apply>
                    <divide/>
                    <ci> kao_f </ci>
                    <ci> kao_r </ci>
                  </apply>
                  <ci> nr </ci>
                  <apply>
                    <power/>
                    <apply>
                      <times/>
                      <apply>
                        <divide/>
                        <ci> ka_f </ci>
                        <ci> ka_r </ci>
                      </apply>
                      <ci> S37 </ci>
                    </apply>
                    <ci> nc </ci>
                  </apply>
                </apply>
              </apply>
            </apply>
          </math>
        </kineticLaw>
      </reaction>
      <reaction metaid="iBioSim78" sboTerm="SBO:0000177" id="Complex_S39" reversible="true" fast="false" compartment="Cell">
        <listOfReactants>
          <speciesReference species="S38" stoichiometry="2" constant="true"/>
          <speciesReference species="S18" stoichiometry="2" constant="true"/>
        </listOfReactants>
        <listOfProducts>
          <speciesReference species="S39" stoichiometry="1" constant="true"/>
        </listOfProducts>
        <kineticLaw>
          <math xmlns="http://www.w3.org/1998/Math/MathML">
            <apply>
              <minus/>
              <apply>
                <times/>
                <ci> kc_f </ci>
                <apply>
                  <power/>
                  <ci> S38 </ci>
                  <ci> nc </ci>
                </apply>
                <apply>
                  <power/>
                  <ci> S18 </ci>
                  <ci> nc </ci>
                </apply>
              </apply>
              <apply>
                <times/>
                <ci> kc_r </ci>
                <ci> S39 </ci>
              </apply>
            </apply>
          </math>
        </kineticLaw>
      </reaction>
      <reaction metaid="iBioSim95" sboTerm="SBO:0000589" id="Production_P25" reversible="false" fast="false" compartment="Cell">
        <listOfProducts>
          <speciesReference species="S41" stoichiometry="10" constant="true"/>
        </listOfProducts>
        <listOfModifiers>
          <modifierSpeciesReference sboTerm="SBO:0000598" species="P25"/>
          <modifierSpeciesReference sboTerm="SBO:0000020" species="S39"/>
        </listOfModifiers>
        <kineticLaw>
          <math xmlns="http://www.w3.org/1998/Math/MathML">
            <apply>
              <divide/>
              <apply>
                <times/>
                <ci> P25 </ci>
                <ci> ko </ci>
                <apply>
                  <divide/>
                  <ci> ko_f </ci>
                  <ci> ko_r </ci>
                </apply>
                <ci> nr </ci>
              </apply>
              <apply>
                <plus/>
                <cn type="integer"> 1 </cn>
                <apply>
                  <times/>
                  <apply>
                    <divide/>
                    <ci> ko_f </ci>
                    <ci> ko_r </ci>
                  </apply>
                  <ci> nr </ci>
                </apply>
                <apply>
                  <power/>
                  <apply>
                    <times/>
                    <apply>
                      <divide/>
                      <ci> kr_f </ci>
                      <ci> kr_r </ci>
                    </apply>
                    <ci> S39 </ci>
                  </apply>
                  <ci> nc </ci>
                </apply>
              </apply>
            </apply>
          </math>
        </kineticLaw>
      </reaction>
    </listOfReactions>
    <layout:listOfLayouts xmlns:xsi="http://www.w3.org/2001/XMLSchema-instance" xmlns:layout="http://www.sbml.org/sbml/level3/version1/layout/version1">
      <layout:layout layout:id="iBioSim">
        <layout:dimensions layout:width="0" layout:height="0"/>
        <layout:listOfCompartmentGlyphs>
          <layout:compartmentGlyph layout:id="Glyph__Cell" layout:compartment="Cell">
            <layout:boundingBox>
              <layout:position layout:x="0" layout:y="0"/>
              <layout:dimensions layout:width="1070" layout:height="425"/>
            </layout:boundingBox>
          </layout:compartmentGlyph>
        </layout:listOfCompartmentGlyphs>
        <layout:listOfSpeciesGlyphs>
          <layout:speciesGlyph layout:id="Glyph__S6" layout:species="S6">
            <layout:boundingBox>
              <layout:position layout:x="30" layout:y="260"/>
              <layout:dimensions layout:width="100" layout:height="30"/>
            </layout:boundingBox>
          </layout:speciesGlyph>
          <layout:speciesGlyph layout:id="Glyph__S7" layout:species="S7">
            <layout:boundingBox>
              <layout:position layout:x="110" layout:y="210"/>
              <layout:dimensions layout:width="100" layout:height="30"/>
            </layout:boundingBox>
          </layout:speciesGlyph>
          <layout:speciesGlyph layout:id="Glyph__S8" layout:species="S8">
            <layout:boundingBox>
              <layout:position layout:x="170" layout:y="260"/>
              <layout:dimensions layout:width="100" layout:height="30"/>
            </layout:boundingBox>
          </layout:speciesGlyph>
          <layout:speciesGlyph layout:id="Glyph__S9" layout:species="S9">
            <layout:boundingBox>
              <layout:position layout:x="290" layout:y="260"/>
              <layout:dimensions layout:width="100" layout:height="30"/>
            </layout:boundingBox>
          </layout:speciesGlyph>
          <layout:speciesGlyph layout:id="Glyph__S10" layout:species="S10">
            <layout:boundingBox>
              <layout:position layout:x="450" layout:y="260"/>
              <layout:dimensions layout:width="100" layout:height="30"/>
            </layout:boundingBox>
          </layout:speciesGlyph>
          <layout:speciesGlyph layout:id="Glyph__S11" layout:species="S11">
            <layout:boundingBox>
              <layout:position layout:x="380" layout:y="220"/>
              <layout:dimensions layout:width="100" layout:height="30"/>
            </layout:boundingBox>
          </layout:speciesGlyph>
          <layout:speciesGlyph layout:id="Glyph__S13" layout:species="S13">
            <layout:boundingBox>
              <layout:position layout:x="230" layout:y="180"/>
              <layout:dimensions layout:width="100" layout:height="30"/>
            </layout:boundingBox>
          </layout:speciesGlyph>
          <layout:speciesGlyph layout:id="Glyph__S15" layout:species="S15">
            <layout:boundingBox>
              <layout:position layout:x="340" layout:y="140"/>
              <layout:dimensions layout:width="100" layout:height="30"/>
            </layout:boundingBox>
          </layout:speciesGlyph>
          <layout:speciesGlyph layout:id="Glyph__S16" layout:species="S16">
            <layout:boundingBox>
              <layout:position layout:x="140" layout:y="130"/>
              <layout:dimensions layout:width="100" layout:height="30"/>
            </layout:boundingBox>
          </layout:speciesGlyph>
          <layout:speciesGlyph layout:id="Glyph__S18" layout:species="S18">
            <layout:boundingBox>
              <layout:position layout:x="210" layout:y="80"/>
              <layout:dimensions layout:width="100" layout:height="30"/>
            </layout:boundingBox>
          </layout:speciesGlyph>
          <layout:speciesGlyph layout:id="Glyph__S22" layout:species="S22">
            <layout:boundingBox>
              <layout:position layout:x="570" layout:y="260"/>
              <layout:dimensions layout:width="100" layout:height="30"/>
            </layout:boundingBox>
          </layout:speciesGlyph>
          <layout:speciesGlyph layout:id="Glyph__S23" layout:species="S23">
            <layout:boundingBox>
              <layout:position layout:x="720" layout:y="260"/>
              <layout:dimensions layout:width="100" layout:height="30"/>
            </layout:boundingBox>
          </layout:speciesGlyph>
          <layout:speciesGlyph layout:id="Glyph__S24" layout:species="S24">
            <layout:boundingBox>
              <layout:position layout:x="670" layout:y="210"/>
              <layout:dimensions layout:width="100" layout:height="30"/>
            </layout:boundingBox>
          </layout:speciesGlyph>
          <layout:speciesGlyph layout:id="Glyph__S25" layout:species="S25">
            <layout:boundingBox>
              <layout:position layout:x="830" layout:y="260"/>
              <layout:dimensions layout:width="100" layout:height="30"/>
            </layout:boundingBox>
          </layout:speciesGlyph>
          <layout:speciesGlyph layout:id="Glyph__S26" layout:species="S26">
            <layout:boundingBox>
              <layout:position layout:x="950" layout:y="260"/>
              <layout:dimensions layout:width="100" layout:height="30"/>
            </layout:boundingBox>
          </layout:speciesGlyph>
          <layout:speciesGlyph layout:id="Glyph__S27" layout:species="S27">
            <layout:boundingBox>
              <layout:position layout:x="860" layout:y="200"/>
              <layout:dimensions layout:width="100" layout:height="30"/>
            </layout:boundingBox>
          </layout:speciesGlyph>
          <layout:speciesGlyph layout:id="Glyph__S28" layout:species="S28">
            <layout:boundingBox>
              <layout:position layout:x="770" layout:y="160"/>
              <layout:dimensions layout:width="100" layout:height="30"/>
            </layout:boundingBox>
          </layout:speciesGlyph>
          <layout:speciesGlyph layout:id="Glyph__S29" layout:species="S29">
            <layout:boundingBox>
              <layout:position layout:x="710" layout:y="110"/>
              <layout:dimensions layout:width="100" layout:height="30"/>
            </layout:boundingBox>
          </layout:speciesGlyph>
          <layout:speciesGlyph layout:id="Glyph__S37" layout:species="S37">
            <layout:boundingBox>
              <layout:position layout:x="470" layout:y="140"/>
              <layout:dimensions layout:width="100" layout:height="30"/>
            </layout:boundingBox>
          </layout:speciesGlyph>
          <layout:speciesGlyph layout:id="Glyph__S38" layout:species="S38">
            <layout:boundingBox>
              <layout:position layout:x="540" layout:y="80"/>
              <layout:dimensions layout:width="100" layout:height="30"/>
            </layout:boundingBox>
          </layout:speciesGlyph>
          <layout:speciesGlyph layout:id="Glyph__S39" layout:species="S39">
            <layout:boundingBox>
              <layout:position layout:x="390" layout:y="80"/>
              <layout:dimensions layout:width="100" layout:height="30"/>
            </layout:boundingBox>
          </layout:speciesGlyph>
          <layout:speciesGlyph layout:id="Glyph__S41" layout:species="S41">
            <layout:boundingBox>
              <layout:position layout:x="390" layout:y="10"/>
              <layout:dimensions layout:width="100" layout:height="30"/>
            </layout:boundingBox>
          </layout:speciesGlyph>
        </layout:listOfSpeciesGlyphs>
        <layout:listOfReactionGlyphs>
          <layout:reactionGlyph layout:id="Glyph__S6__repression__S7">
            <layout:boundingBox>
              <layout:position layout:x="0" layout:y="0"/>
              <layout:dimensions layout:width="0" layout:height="0"/>
            </layout:boundingBox>
            <layout:listOfSpeciesReferenceGlyphs>
              <layout:speciesReferenceGlyph layout:id="Glyph__S6__product__S7" layout:speciesGlyph="Glyph__S7" layout:role="product">
                <layout:curve>
                  <layout:listOfCurveSegments>
                    <layout:curveSegment xmlns:xsi="http://www.w3.org/2001/XMLSchema-instance" xsi:type="LineSegment">
                      <layout:start layout:x="80" layout:y="275"/>
                      <layout:end layout:x="160" layout:y="225"/>
                    </layout:curveSegment>
                  </layout:listOfCurveSegments>
                </layout:curve>
              </layout:speciesReferenceGlyph>
            </layout:listOfSpeciesReferenceGlyphs>
          </layout:reactionGlyph>
          <layout:reactionGlyph layout:id="Glyph__S8__repression__S7">
            <layout:boundingBox>
              <layout:position layout:x="0" layout:y="0"/>
              <layout:dimensions layout:width="0" layout:height="0"/>
            </layout:boundingBox>
            <layout:listOfSpeciesReferenceGlyphs>
              <layout:speciesReferenceGlyph layout:id="Glyph__S8__product__S7" layout:speciesGlyph="Glyph__S7" layout:role="product">
                <layout:curve>
                  <layout:listOfCurveSegments>
                    <layout:curveSegment xmlns:xsi="http://www.w3.org/2001/XMLSchema-instance" xsi:type="LineSegment">
                      <layout:start layout:x="220" layout:y="275"/>
                      <layout:end layout:x="160" layout:y="225"/>
                    </layout:curveSegment>
                  </layout:listOfCurveSegments>
                </layout:curve>
              </layout:speciesReferenceGlyph>
            </layout:listOfSpeciesReferenceGlyphs>
          </layout:reactionGlyph>
          <layout:reactionGlyph layout:id="Glyph__S9__repression__S11">
            <layout:boundingBox>
              <layout:position layout:x="0" layout:y="0"/>
              <layout:dimensions layout:width="0" layout:height="0"/>
            </layout:boundingBox>
            <layout:listOfSpeciesReferenceGlyphs>
              <layout:speciesReferenceGlyph layout:id="Glyph__S9__product__S11" layout:speciesGlyph="Glyph__S11" layout:role="product">
                <layout:curve>
                  <layout:listOfCurveSegments>
                    <layout:curveSegment xmlns:xsi="http://www.w3.org/2001/XMLSchema-instance" xsi:type="LineSegment">
                      <layout:start layout:x="340" layout:y="275"/>
                      <layout:end layout:x="430" layout:y="235"/>
                    </layout:curveSegment>
                  </layout:listOfCurveSegments>
                </layout:curve>
              </layout:speciesReferenceGlyph>
            </layout:listOfSpeciesReferenceGlyphs>
          </layout:reactionGlyph>
          <layout:reactionGlyph layout:id="Glyph__S10__repression__S11">
            <layout:boundingBox>
              <layout:position layout:x="0" layout:y="0"/>
              <layout:dimensions layout:width="0" layout:height="0"/>
            </layout:boundingBox>
            <layout:listOfSpeciesReferenceGlyphs>
              <layout:speciesReferenceGlyph layout:id="Glyph__S10__product__S11" layout:speciesGlyph="Glyph__S11" layout:role="product">
                <layout:curve>
                  <layout:listOfCurveSegments>
                    <layout:curveSegment xmlns:xsi="http://www.w3.org/2001/XMLSchema-instance" xsi:type="LineSegment">
                      <layout:start layout:x="500" layout:y="275"/>
                      <layout:end layout:x="430" layout:y="235"/>
                    </layout:curveSegment>
                  </layout:listOfCurveSegments>
                </layout:curve>
              </layout:speciesReferenceGlyph>
            </layout:listOfSpeciesReferenceGlyphs>
          </layout:reactionGlyph>
          <layout:reactionGlyph layout:id="Glyph__S7__complex__S13">
            <layout:boundingBox>
              <layout:position layout:x="0" layout:y="0"/>
              <layout:dimensions layout:width="0" layout:height="0"/>
            </layout:boundingBox>
            <layout:listOfSpeciesReferenceGlyphs>
              <layout:speciesReferenceGlyph layout:id="Glyph__S7__product__S13" layout:speciesGlyph="Glyph__S13" layout:role="product">
                <layout:curve>
                  <layout:listOfCurveSegments>
                    <layout:curveSegment xmlns:xsi="http://www.w3.org/2001/XMLSchema-instance" xsi:type="LineSegment">
                      <layout:start layout:x="160" layout:y="225"/>
                      <layout:end layout:x="280" layout:y="195"/>
                    </layout:curveSegment>
                  </layout:listOfCurveSegments>
                </layout:curve>
              </layout:speciesReferenceGlyph>
            </layout:listOfSpeciesReferenceGlyphs>
          </layout:reactionGlyph>
          <layout:reactionGlyph layout:id="Glyph__S11__complex__S13">
            <layout:boundingBox>
              <layout:position layout:x="0" layout:y="0"/>
              <layout:dimensions layout:width="0" layout:height="0"/>
            </layout:boundingBox>
            <layout:listOfSpeciesReferenceGlyphs>
              <layout:speciesReferenceGlyph layout:id="Glyph__S11__product__S13" layout:speciesGlyph="Glyph__S13" layout:role="product">
                <layout:curve>
                  <layout:listOfCurveSegments>
                    <layout:curveSegment xmlns:xsi="http://www.w3.org/2001/XMLSchema-instance" xsi:type="LineSegment">
                      <layout:start layout:x="430" layout:y="235"/>
                      <layout:end layout:x="280" layout:y="195"/>
                    </layout:curveSegment>
                  </layout:listOfCurveSegments>
                </layout:curve>
              </layout:speciesReferenceGlyph>
            </layout:listOfSpeciesReferenceGlyphs>
          </layout:reactionGlyph>
          <layout:reactionGlyph layout:id="Glyph__S13__repression__S16">
            <layout:boundingBox>
              <layout:position layout:x="0" layout:y="0"/>
              <layout:dimensions layout:width="0" layout:height="0"/>
            </layout:boundingBox>
            <layout:listOfSpeciesReferenceGlyphs>
              <layout:speciesReferenceGlyph layout:id="Glyph__S13__product__S16" layout:speciesGlyph="Glyph__S16" layout:role="product">
                <layout:curve>
                  <layout:listOfCurveSegments>
                    <layout:curveSegment xmlns:xsi="http://www.w3.org/2001/XMLSchema-instance" xsi:type="LineSegment">
                      <layout:start layout:x="280" layout:y="195"/>
                      <layout:end layout:x="190" layout:y="145"/>
                    </layout:curveSegment>
                  </layout:listOfCurveSegments>
                </layout:curve>
              </layout:speciesReferenceGlyph>
            </layout:listOfSpeciesReferenceGlyphs>
          </layout:reactionGlyph>
          <layout:reactionGlyph layout:id="Glyph__S15__repression__S18">
            <layout:boundingBox>
              <layout:position layout:x="0" layout:y="0"/>
              <layout:dimensions layout:width="0" layout:height="0"/>
            </layout:boundingBox>
            <layout:listOfSpeciesReferenceGlyphs>
              <layout:speciesReferenceGlyph layout:id="Glyph__S15__product__S18" layout:speciesGlyph="Glyph__S18" layout:role="product">
                <layout:curve>
                  <layout:listOfCurveSegments>
                    <layout:curveSegment xmlns:xsi="http://www.w3.org/2001/XMLSchema-instance" xsi:type="LineSegment">
                      <layout:start layout:x="390" layout:y="155"/>
                      <layout:end layout:x="260" layout:y="95"/>
                    </layout:curveSegment>
                  </layout:listOfCurveSegments>
                </layout:curve>
              </layout:speciesReferenceGlyph>
            </layout:listOfSpeciesReferenceGlyphs>
          </layout:reactionGlyph>
          <layout:reactionGlyph layout:id="Glyph__S16__repression__S18">
            <layout:boundingBox>
              <layout:position layout:x="0" layout:y="0"/>
              <layout:dimensions layout:width="0" layout:height="0"/>
            </layout:boundingBox>
            <layout:listOfSpeciesReferenceGlyphs>
              <layout:speciesReferenceGlyph layout:id="Glyph__S16__product__S18" layout:speciesGlyph="Glyph__S18" layout:role="product">
                <layout:curve>
                  <layout:listOfCurveSegments>
                    <layout:curveSegment xmlns:xsi="http://www.w3.org/2001/XMLSchema-instance" xsi:type="LineSegment">
                      <layout:start layout:x="190" layout:y="145"/>
                      <layout:end layout:x="260" layout:y="95"/>
                    </layout:curveSegment>
                  </layout:listOfCurveSegments>
                </layout:curve>
              </layout:speciesReferenceGlyph>
            </layout:listOfSpeciesReferenceGlyphs>
          </layout:reactionGlyph>
          <layout:reactionGlyph layout:id="Glyph__S22__repression__S24">
            <layout:boundingBox>
              <layout:position layout:x="0" layout:y="0"/>
              <layout:dimensions layout:width="0" layout:height="0"/>
            </layout:boundingBox>
            <layout:listOfSpeciesReferenceGlyphs>
              <layout:speciesReferenceGlyph layout:id="Glyph__S22__product__S24" layout:speciesGlyph="Glyph__S24" layout:role="product">
                <layout:curve>
                  <layout:listOfCurveSegments>
                    <layout:curveSegment xmlns:xsi="http://www.w3.org/2001/XMLSchema-instance" xsi:type="LineSegment">
                      <layout:start layout:x="620" layout:y="275"/>
                      <layout:end layout:x="720" layout:y="225"/>
                    </layout:curveSegment>
                  </layout:listOfCurveSegments>
                </layout:curve>
              </layout:speciesReferenceGlyph>
            </layout:listOfSpeciesReferenceGlyphs>
          </layout:reactionGlyph>
          <layout:reactionGlyph layout:id="Glyph__S23__repression__S24">
            <layout:boundingBox>
              <layout:position layout:x="0" layout:y="0"/>
              <layout:dimensions layout:width="0" layout:height="0"/>
            </layout:boundingBox>
            <layout:listOfSpeciesReferenceGlyphs>
              <layout:speciesReferenceGlyph layout:id="Glyph__S23__product__S24" layout:speciesGlyph="Glyph__S24" layout:role="product">
                <layout:curve>
                  <layout:listOfCurveSegments>
                    <layout:curveSegment xmlns:xsi="http://www.w3.org/2001/XMLSchema-instance" xsi:type="LineSegment">
                      <layout:start layout:x="770" layout:y="275"/>
                      <layout:end layout:x="720" layout:y="225"/>
                    </layout:curveSegment>
                  </layout:listOfCurveSegments>
                </layout:curve>
              </layout:speciesReferenceGlyph>
            </layout:listOfSpeciesReferenceGlyphs>
          </layout:reactionGlyph>
          <layout:reactionGlyph layout:id="Glyph__S25__repression__S27">
            <layout:boundingBox>
              <layout:position layout:x="0" layout:y="0"/>
              <layout:dimensions layout:width="0" layout:height="0"/>
            </layout:boundingBox>
            <layout:listOfSpeciesReferenceGlyphs>
              <layout:speciesReferenceGlyph layout:id="Glyph__S25__product__S27" layout:speciesGlyph="Glyph__S27" layout:role="product">
                <layout:curve>
                  <layout:listOfCurveSegments>
                    <layout:curveSegment xmlns:xsi="http://www.w3.org/2001/XMLSchema-instance" xsi:type="LineSegment">
                      <layout:start layout:x="880" layout:y="275"/>
                      <layout:end layout:x="910" layout:y="215"/>
                    </layout:curveSegment>
                  </layout:listOfCurveSegments>
                </layout:curve>
              </layout:speciesReferenceGlyph>
            </layout:listOfSpeciesReferenceGlyphs>
          </layout:reactionGlyph>
          <layout:reactionGlyph layout:id="Glyph__S26__repression__S27">
            <layout:boundingBox>
              <layout:position layout:x="0" layout:y="0"/>
              <layout:dimensions layout:width="0" layout:height="0"/>
            </layout:boundingBox>
            <layout:listOfSpeciesReferenceGlyphs>
              <layout:speciesReferenceGlyph layout:id="Glyph__S26__product__S27" layout:speciesGlyph="Glyph__S27" layout:role="product">
                <layout:curve>
                  <layout:listOfCurveSegments>
                    <layout:curveSegment xmlns:xsi="http://www.w3.org/2001/XMLSchema-instance" xsi:type="LineSegment">
                      <layout:start layout:x="1000" layout:y="275"/>
                      <layout:end layout:x="910" layout:y="215"/>
                    </layout:curveSegment>
                  </layout:listOfCurveSegments>
                </layout:curve>
              </layout:speciesReferenceGlyph>
            </layout:listOfSpeciesReferenceGlyphs>
          </layout:reactionGlyph>
          <layout:reactionGlyph layout:id="Glyph__S24__complex__S28">
            <layout:boundingBox>
              <layout:position layout:x="0" layout:y="0"/>
              <layout:dimensions layout:width="0" layout:height="0"/>
            </layout:boundingBox>
            <layout:listOfSpeciesReferenceGlyphs>
              <layout:speciesReferenceGlyph layout:id="Glyph__S24__product__S28" layout:speciesGlyph="Glyph__S28" layout:role="product">
                <layout:curve>
                  <layout:listOfCurveSegments>
                    <layout:curveSegment xmlns:xsi="http://www.w3.org/2001/XMLSchema-instance" xsi:type="LineSegment">
                      <layout:start layout:x="720" layout:y="225"/>
                      <layout:end layout:x="820" layout:y="175"/>
                    </layout:curveSegment>
                  </layout:listOfCurveSegments>
                </layout:curve>
              </layout:speciesReferenceGlyph>
            </layout:listOfSpeciesReferenceGlyphs>
          </layout:reactionGlyph>
          <layout:reactionGlyph layout:id="Glyph__S27__complex__S28">
            <layout:boundingBox>
              <layout:position layout:x="0" layout:y="0"/>
              <layout:dimensions layout:width="0" layout:height="0"/>
            </layout:boundingBox>
            <layout:listOfSpeciesReferenceGlyphs>
              <layout:speciesReferenceGlyph layout:id="Glyph__S27__product__S28" layout:speciesGlyph="Glyph__S28" layout:role="product">
                <layout:curve>
                  <layout:listOfCurveSegments>
                    <layout:curveSegment xmlns:xsi="http://www.w3.org/2001/XMLSchema-instance" xsi:type="LineSegment">
                      <layout:start layout:x="910" layout:y="215"/>
                      <layout:end layout:x="820" layout:y="175"/>
                    </layout:curveSegment>
                  </layout:listOfCurveSegments>
                </layout:curve>
              </layout:speciesReferenceGlyph>
            </layout:listOfSpeciesReferenceGlyphs>
          </layout:reactionGlyph>
          <layout:reactionGlyph layout:id="Glyph__S28__repression__S29">
            <layout:boundingBox>
              <layout:position layout:x="0" layout:y="0"/>
              <layout:dimensions layout:width="0" layout:height="0"/>
            </layout:boundingBox>
            <layout:listOfSpeciesReferenceGlyphs>
              <layout:speciesReferenceGlyph layout:id="Glyph__S28__product__S29" layout:speciesGlyph="Glyph__S29" layout:role="product">
                <layout:curve>
                  <layout:listOfCurveSegments>
                    <layout:curveSegment xmlns:xsi="http://www.w3.org/2001/XMLSchema-instance" xsi:type="LineSegment">
                      <layout:start layout:x="820" layout:y="175"/>
                      <layout:end layout:x="760" layout:y="125"/>
                    </layout:curveSegment>
                  </layout:listOfCurveSegments>
                </layout:curve>
              </layout:speciesReferenceGlyph>
            </layout:listOfSpeciesReferenceGlyphs>
          </layout:reactionGlyph>
          <layout:reactionGlyph layout:id="Glyph__S29__repression__S38">
            <layout:boundingBox>
              <layout:position layout:x="0" layout:y="0"/>
              <layout:dimensions layout:width="0" layout:height="0"/>
            </layout:boundingBox>
            <layout:listOfSpeciesReferenceGlyphs>
              <layout:speciesReferenceGlyph layout:id="Glyph__S29__product__S38" layout:speciesGlyph="Glyph__S38" layout:role="product">
                <layout:curve>
                  <layout:listOfCurveSegments>
                    <layout:curveSegment xmlns:xsi="http://www.w3.org/2001/XMLSchema-instance" xsi:type="LineSegment">
                      <layout:start layout:x="760" layout:y="125"/>
                      <layout:end layout:x="590" layout:y="95"/>
                    </layout:curveSegment>
                  </layout:listOfCurveSegments>
                </layout:curve>
              </layout:speciesReferenceGlyph>
            </layout:listOfSpeciesReferenceGlyphs>
          </layout:reactionGlyph>
          <layout:reactionGlyph layout:id="Glyph__S37__repression__S38">
            <layout:boundingBox>
              <layout:position layout:x="0" layout:y="0"/>
              <layout:dimensions layout:width="0" layout:height="0"/>
            </layout:boundingBox>
            <layout:listOfSpeciesReferenceGlyphs>
              <layout:speciesReferenceGlyph layout:id="Glyph__S37__product__S38" layout:speciesGlyph="Glyph__S38" layout:role="product">
                <layout:curve>
                  <layout:listOfCurveSegments>
                    <layout:curveSegment xmlns:xsi="http://www.w3.org/2001/XMLSchema-instance" xsi:type="LineSegment">
                      <layout:start layout:x="520" layout:y="155"/>
                      <layout:end layout:x="590" layout:y="95"/>
                    </layout:curveSegment>
                  </layout:listOfCurveSegments>
                </layout:curve>
              </layout:speciesReferenceGlyph>
            </layout:listOfSpeciesReferenceGlyphs>
          </layout:reactionGlyph>
          <layout:reactionGlyph layout:id="Glyph__S38__complex__S39">
            <layout:boundingBox>
              <layout:position layout:x="0" layout:y="0"/>
              <layout:dimensions layout:width="0" layout:height="0"/>
            </layout:boundingBox>
            <layout:listOfSpeciesReferenceGlyphs>
              <layout:speciesReferenceGlyph layout:id="Glyph__S38__product__S39" layout:speciesGlyph="Glyph__S39" layout:role="product">
                <layout:curve>
                  <layout:listOfCurveSegments>
                    <layout:curveSegment xmlns:xsi="http://www.w3.org/2001/XMLSchema-instance" xsi:type="LineSegment">
                      <layout:start layout:x="590" layout:y="95"/>
                      <layout:end layout:x="440" layout:y="95"/>
                    </layout:curveSegment>
                  </layout:listOfCurveSegments>
                </layout:curve>
              </layout:speciesReferenceGlyph>
            </layout:listOfSpeciesReferenceGlyphs>
          </layout:reactionGlyph>
          <layout:reactionGlyph layout:id="Glyph__S18__complex__S39">
            <layout:boundingBox>
              <layout:position layout:x="0" layout:y="0"/>
              <layout:dimensions layout:width="0" layout:height="0"/>
            </layout:boundingBox>
            <layout:listOfSpeciesReferenceGlyphs>
              <layout:speciesReferenceGlyph layout:id="Glyph__S18__product__S39" layout:speciesGlyph="Glyph__S39" layout:role="product">
                <layout:curve>
                  <layout:listOfCurveSegments>
                    <layout:curveSegment xmlns:xsi="http://www.w3.org/2001/XMLSchema-instance" xsi:type="LineSegment">
                      <layout:start layout:x="260" layout:y="95"/>
                      <layout:end layout:x="440" layout:y="95"/>
                    </layout:curveSegment>
                  </layout:listOfCurveSegments>
                </layout:curve>
              </layout:speciesReferenceGlyph>
            </layout:listOfSpeciesReferenceGlyphs>
          </layout:reactionGlyph>
          <layout:reactionGlyph layout:id="Glyph__S39__repression__S41">
            <layout:boundingBox>
              <layout:position layout:x="0" layout:y="0"/>
              <layout:dimensions layout:width="0" layout:height="0"/>
            </layout:boundingBox>
            <layout:listOfSpeciesReferenceGlyphs>
              <layout:speciesReferenceGlyph layout:id="Glyph__S39__product__S41" layout:speciesGlyph="Glyph__S41" layout:role="product">
                <layout:curve>
                  <layout:listOfCurveSegments>
                    <layout:curveSegment xmlns:xsi="http://www.w3.org/2001/XMLSchema-instance" xsi:type="LineSegment">
                      <layout:start layout:x="440" layout:y="95"/>
                      <layout:end layout:x="440" layout:y="25"/>
                    </layout:curveSegment>
                  </layout:listOfCurveSegments>
                </layout:curve>
              </layout:speciesReferenceGlyph>
            </layout:listOfSpeciesReferenceGlyphs>
          </layout:reactionGlyph>
        </layout:listOfReactionGlyphs>
        <layout:listOfTextGlyphs>
          <layout:textGlyph layout:id="TextGlyph__Cell" layout:text="Cell" layout:graphicalObject="Glyph__Cell">
            <layout:boundingBox>
              <layout:position layout:x="0" layout:y="0"/>
              <layout:dimensions layout:width="1070" layout:height="425"/>
            </layout:boundingBox>
          </layout:textGlyph>
          <layout:textGlyph layout:id="TextGlyph__S6" layout:text="S6" layout:graphicalObject="Glyph__S6">
            <layout:boundingBox>
              <layout:position layout:x="30" layout:y="260"/>
              <layout:dimensions layout:width="100" layout:height="30"/>
            </layout:boundingBox>
          </layout:textGlyph>
          <layout:textGlyph layout:id="TextGlyph__S7" layout:text="S7" layout:graphicalObject="Glyph__S7">
            <layout:boundingBox>
              <layout:position layout:x="110" layout:y="210"/>
              <layout:dimensions layout:width="100" layout:height="30"/>
            </layout:boundingBox>
          </layout:textGlyph>
          <layout:textGlyph layout:id="TextGlyph__S8" layout:text="S8" layout:graphicalObject="Glyph__S8">
            <layout:boundingBox>
              <layout:position layout:x="170" layout:y="260"/>
              <layout:dimensions layout:width="100" layout:height="30"/>
            </layout:boundingBox>
          </layout:textGlyph>
          <layout:textGlyph layout:id="TextGlyph__S9" layout:text="S9" layout:graphicalObject="Glyph__S9">
            <layout:boundingBox>
              <layout:position layout:x="290" layout:y="260"/>
              <layout:dimensions layout:width="100" layout:height="30"/>
            </layout:boundingBox>
          </layout:textGlyph>
          <layout:textGlyph layout:id="TextGlyph__S10" layout:text="S10" layout:graphicalObject="Glyph__S10">
            <layout:boundingBox>
              <layout:position layout:x="450" layout:y="260"/>
              <layout:dimensions layout:width="100" layout:height="30"/>
            </layout:boundingBox>
          </layout:textGlyph>
          <layout:textGlyph layout:id="TextGlyph__S11" layout:text="S11" layout:graphicalObject="Glyph__S11">
            <layout:boundingBox>
              <layout:position layout:x="380" layout:y="220"/>
              <layout:dimensions layout:width="100" layout:height="30"/>
            </layout:boundingBox>
          </layout:textGlyph>
          <layout:textGlyph layout:id="TextGlyph__S13" layout:text="S13" layout:graphicalObject="Glyph__S13">
            <layout:boundingBox>
              <layout:position layout:x="230" layout:y="180"/>
              <layout:dimensions layout:width="100" layout:height="30"/>
            </layout:boundingBox>
          </layout:textGlyph>
          <layout:textGlyph layout:id="TextGlyph__S15" layout:text="S15" layout:graphicalObject="Glyph__S15">
            <layout:boundingBox>
              <layout:position layout:x="340" layout:y="140"/>
              <layout:dimensions layout:width="100" layout:height="30"/>
            </layout:boundingBox>
          </layout:textGlyph>
          <layout:textGlyph layout:id="TextGlyph__S16" layout:text="S16" layout:graphicalObject="Glyph__S16">
            <layout:boundingBox>
              <layout:position layout:x="140" layout:y="130"/>
              <layout:dimensions layout:width="100" layout:height="30"/>
            </layout:boundingBox>
          </layout:textGlyph>
          <layout:textGlyph layout:id="TextGlyph__S18" layout:text="S18" layout:graphicalObject="Glyph__S18">
            <layout:boundingBox>
              <layout:position layout:x="210" layout:y="80"/>
              <layout:dimensions layout:width="100" layout:height="30"/>
            </layout:boundingBox>
          </layout:textGlyph>
          <layout:textGlyph layout:id="TextGlyph__S22" layout:text="S22" layout:graphicalObject="Glyph__S22">
            <layout:boundingBox>
              <layout:position layout:x="570" layout:y="260"/>
              <layout:dimensions layout:width="100" layout:height="30"/>
            </layout:boundingBox>
          </layout:textGlyph>
          <layout:textGlyph layout:id="TextGlyph__S23" layout:text="S23" layout:graphicalObject="Glyph__S23">
            <layout:boundingBox>
              <layout:position layout:x="720" layout:y="260"/>
              <layout:dimensions layout:width="100" layout:height="30"/>
            </layout:boundingBox>
          </layout:textGlyph>
          <layout:textGlyph layout:id="TextGlyph__S24" layout:text="S24" layout:graphicalObject="Glyph__S24">
            <layout:boundingBox>
              <layout:position layout:x="670" layout:y="210"/>
              <layout:dimensions layout:width="100" layout:height="30"/>
            </layout:boundingBox>
          </layout:textGlyph>
          <layout:textGlyph layout:id="TextGlyph__S25" layout:text="S25" layout:graphicalObject="Glyph__S25">
            <layout:boundingBox>
              <layout:position layout:x="830" layout:y="260"/>
              <layout:dimensions layout:width="100" layout:height="30"/>
            </layout:boundingBox>
          </layout:textGlyph>
          <layout:textGlyph layout:id="TextGlyph__S26" layout:text="S26" layout:graphicalObject="Glyph__S26">
            <layout:boundingBox>
              <layout:position layout:x="950" layout:y="260"/>
              <layout:dimensions layout:width="100" layout:height="30"/>
            </layout:boundingBox>
          </layout:textGlyph>
          <layout:textGlyph layout:id="TextGlyph__S27" layout:text="S27" layout:graphicalObject="Glyph__S27">
            <layout:boundingBox>
              <layout:position layout:x="860" layout:y="200"/>
              <layout:dimensions layout:width="100" layout:height="30"/>
            </layout:boundingBox>
          </layout:textGlyph>
          <layout:textGlyph layout:id="TextGlyph__S28" layout:text="S28" layout:graphicalObject="Glyph__S28">
            <layout:boundingBox>
              <layout:position layout:x="770" layout:y="160"/>
              <layout:dimensions layout:width="100" layout:height="30"/>
            </layout:boundingBox>
          </layout:textGlyph>
          <layout:textGlyph layout:id="TextGlyph__S29" layout:text="S29" layout:graphicalObject="Glyph__S29">
            <layout:boundingBox>
              <layout:position layout:x="710" layout:y="110"/>
              <layout:dimensions layout:width="100" layout:height="30"/>
            </layout:boundingBox>
          </layout:textGlyph>
          <layout:textGlyph layout:id="TextGlyph__S37" layout:text="S37" layout:graphicalObject="Glyph__S37">
            <layout:boundingBox>
              <layout:position layout:x="470" layout:y="140"/>
              <layout:dimensions layout:width="100" layout:height="30"/>
            </layout:boundingBox>
          </layout:textGlyph>
          <layout:textGlyph layout:id="TextGlyph__S38" layout:text="S38" layout:graphicalObject="Glyph__S38">
            <layout:boundingBox>
              <layout:position layout:x="540" layout:y="80"/>
              <layout:dimensions layout:width="100" layout:height="30"/>
            </layout:boundingBox>
          </layout:textGlyph>
          <layout:textGlyph layout:id="TextGlyph__S39" layout:text="S39" layout:graphicalObject="Glyph__S39">
            <layout:boundingBox>
              <layout:position layout:x="390" layout:y="80"/>
              <layout:dimensions layout:width="100" layout:height="30"/>
            </layout:boundingBox>
          </layout:textGlyph>
          <layout:textGlyph layout:id="TextGlyph__S41" layout:text="S41" layout:graphicalObject="Glyph__S41">
            <layout:boundingBox>
              <layout:position layout:x="390" layout:y="10"/>
              <layout:dimensions layout:width="100" layout:height="30"/>
            </layout:boundingBox>
          </layout:textGlyph>
        </layout:listOfTextGlyphs>
      </layout:layout>
    </layout:listOfLayouts>
    <comp:listOfPorts>
      <comp:port sboTerm="SBO:0000601" comp:idRef="Cell" comp:id="compartment__Cell"/>
    </comp:listOfPorts>
  </model>
</sbml>
