<?xml version='1.0' encoding='UTF-8' standalone='no'?>
<sbml xmlns="http://www.sbml.org/sbml/level3/version1/core" xmlns:layout="http://www.sbml.org/sbml/level3/version1/layout/version1" level="3" arrays:required="true" fbc:required="false" xmlns:comp="http://www.sbml.org/sbml/level3/version1/comp/version1" xmlns:fbc="http://www.sbml.org/sbml/level3/version1/fbc/version2" comp:required="true" xmlns:arrays="http://www.sbml.org/sbml/level3/version1/arrays/version1" version="1" layout:required="false">
  <model id="LacI_Inverter" metaid="iBioSim2">
    <annotation>
      <ModelToSBOL xmlns="http://sbolstandard.org/modeltosbol/1.0#">
        <rdf:RDF xmlns:rdf="http://www.w3.org/1999/02/22-rdf-syntax-ns#" xmlns:mts="http://sbolstandard.org/modeltosbol/1.0#">
          <rdf:Description rdf:about="#iBioSim2">
            <mts:DNAComponents>
              <rdf:Seq>
                <rdf:li rdf:resource="http://www.eugenecad.org/pIKERightCassette_1"/></rdf:Seq></mts:DNAComponents><mts:Strand>+</mts:Strand></rdf:Description></rdf:RDF></ModelToSBOL>
    </annotation>
      <comp:listOfPorts xmlns:comp="http://www.sbml.org/sbml/level3/version1/comp/version1">
      <comp:port comp:idRef="Cell" sboTerm="SBO:0000601" comp:id="compartment__Cell"/>
      <comp:port comp:idRef="LacI" sboTerm="SBO:0000600" comp:id="input__LacI"/>
      <comp:port comp:idRef="TetR" sboTerm="SBO:0000601" comp:id="output__TetR"/>
      <comp:port comp:idRef="GFP" sboTerm="SBO:0000601" comp:id="output__GFP"/>
    </comp:listOfPorts>
    <layout:listOfLayouts xmlns:layout="http://www.sbml.org/sbml/level3/version1/layout/version1" xmlns:xsi="http://www.w3.org/2001/XMLSchema-instance">
      <layout:layout layout:id="iBioSim">
        <layout:dimensions layout:width="1070" layout:height="425" layout:depth="0"/>
        <layout:listOfCompartmentGlyphs>
          <layout:compartmentGlyph layout:id="Glyph__Cell" layout:compartment="Cell">
            <layout:boundingBox>
              <layout:position layout:x="0" layout:y="0"/>
              <layout:dimensions layout:width="1070" layout:height="425"/>
            </layout:boundingBox>
          </layout:compartmentGlyph>
        </layout:listOfCompartmentGlyphs>
        <layout:listOfSpeciesGlyphs>
          <layout:speciesGlyph layout:id="Glyph__LacI" layout:species="LacI">
            <layout:boundingBox>
              <layout:position layout:x="240" layout:y="70"/>
              <layout:dimensions layout:width="100" layout:height="30"/>
            </layout:boundingBox>
          </layout:speciesGlyph>
          <layout:speciesGlyph layout:id="Glyph__TetR" layout:species="TetR">
            <layout:boundingBox>
              <layout:position layout:x="410" layout:y="240"/>
              <layout:dimensions layout:width="100" layout:height="30"/>
            </layout:boundingBox>
          </layout:speciesGlyph>
          <layout:speciesGlyph layout:id="Glyph__GFP" layout:species="GFP">
            <layout:boundingBox>
              <layout:position layout:x="410" layout:y="130"/>
              <layout:dimensions layout:width="100" layout:height="30"/>
            </layout:boundingBox>
          </layout:speciesGlyph>
          <layout:speciesGlyph layout:id="Glyph__pLac" layout:species="pLac">
            <layout:boundingBox>
              <layout:position layout:x="240" layout:y="150"/>
              <layout:dimensions layout:width="100" layout:height="30"/>
            </layout:boundingBox>
          </layout:speciesGlyph>
        </layout:listOfSpeciesGlyphs>
        <layout:listOfReactionGlyphs>
          <layout:reactionGlyph layout:id="Glyph__pLac__Production__GFP">
            <layout:boundingBox>
              <layout:position layout:x="460" layout:y="145"/>
              <layout:dimensions layout:width="0" layout:height="0"/>
            </layout:boundingBox>
            <layout:listOfSpeciesReferenceGlyphs>
              <layout:speciesReferenceGlyph layout:id="ReferenceGlyph__pLac__Production__GFP" layout:role="product" layout:speciesGlyph="Glyph__GFP">
                <layout:curve>
                  <layout:listOfCurveSegments>
                    <layout:curveSegment xsi:type="LineSegment">
                      <layout:start layout:x="290" layout:y="165"/>
                      <layout:end layout:x="460" layout:y="145"/>
                    </layout:curveSegment>
                  </layout:listOfCurveSegments>
                </layout:curve>
              </layout:speciesReferenceGlyph>
            </layout:listOfSpeciesReferenceGlyphs>
          </layout:reactionGlyph>
          <layout:reactionGlyph layout:id="Glyph__pLac__Production__TetR">
            <layout:boundingBox>
              <layout:position layout:x="460" layout:y="255"/>
              <layout:dimensions layout:width="0" layout:height="0"/>
            </layout:boundingBox>
            <layout:listOfSpeciesReferenceGlyphs>
              <layout:speciesReferenceGlyph layout:id="ReferenceGlyph__pLac__Production__TetR" layout:role="product" layout:speciesGlyph="Glyph__TetR">
                <layout:curve>
                  <layout:listOfCurveSegments>
                    <layout:curveSegment xsi:type="LineSegment">
                      <layout:start layout:x="290" layout:y="165"/>
                      <layout:end layout:x="460" layout:y="255"/>
                    </layout:curveSegment>
                  </layout:listOfCurveSegments>
                </layout:curve>
              </layout:speciesReferenceGlyph>
            </layout:listOfSpeciesReferenceGlyphs>
          </layout:reactionGlyph>
          <layout:reactionGlyph layout:id="Glyph__LacI__repression__pLac">
            <layout:boundingBox>
              <layout:position layout:x="290" layout:y="165"/>
              <layout:dimensions layout:width="0" layout:height="0"/>
            </layout:boundingBox>
            <layout:listOfSpeciesReferenceGlyphs>
              <layout:speciesReferenceGlyph layout:id="ReferenceGlyph__LacI__repression__pLac" layout:role="product" layout:speciesGlyph="Glyph__pLac">
                <layout:curve>
                  <layout:listOfCurveSegments>
                    <layout:curveSegment xsi:type="LineSegment">
                      <layout:start layout:x="290" layout:y="85"/>
                      <layout:end layout:x="290" layout:y="165"/>
                    </layout:curveSegment>
                  </layout:listOfCurveSegments>
                </layout:curve>
              </layout:speciesReferenceGlyph>
            </layout:listOfSpeciesReferenceGlyphs>
          </layout:reactionGlyph>
        </layout:listOfReactionGlyphs>
        <layout:listOfTextGlyphs>
          <layout:textGlyph layout:graphicalObject="Glyph__Cell" layout:id="TextGlyph__Cell" layout:text="Cell">
            <layout:boundingBox>
              <layout:position layout:x="0" layout:y="0"/>
              <layout:dimensions layout:width="1070" layout:height="425"/>
            </layout:boundingBox>
          </layout:textGlyph>
          <layout:textGlyph layout:graphicalObject="Glyph__LacI" layout:id="TextGlyph__LacI" layout:text="LacI">
            <layout:boundingBox>
              <layout:position layout:x="240" layout:y="70"/>
              <layout:dimensions layout:width="100" layout:height="30"/>
            </layout:boundingBox>
          </layout:textGlyph>
          <layout:textGlyph layout:graphicalObject="Glyph__TetR" layout:id="TextGlyph__TetR" layout:text="TetR">
            <layout:boundingBox>
              <layout:position layout:x="410" layout:y="240"/>
              <layout:dimensions layout:width="100" layout:height="30"/>
            </layout:boundingBox>
          </layout:textGlyph>
          <layout:textGlyph layout:graphicalObject="Glyph__GFP" layout:id="TextGlyph__GFP" layout:text="GFP">
            <layout:boundingBox>
              <layout:position layout:x="410" layout:y="130"/>
              <layout:dimensions layout:width="100" layout:height="30"/>
            </layout:boundingBox>
          </layout:textGlyph>
          <layout:textGlyph layout:graphicalObject="Glyph__pLac" layout:id="TextGlyph__pLac" layout:text="pLac">
            <layout:boundingBox>
              <layout:position layout:x="240" layout:y="150"/>
              <layout:dimensions layout:width="100" layout:height="30"/>
            </layout:boundingBox>
          </layout:textGlyph>
        </layout:listOfTextGlyphs>
      </layout:layout>
    </layout:listOfLayouts>
    <listOfCompartments>
      <compartment id="Cell" constant="true" spatialDimensions="3" size="1"/>
    </listOfCompartments>
    <listOfSpecies>
      <species id="LacI" constant="false" initialAmount="0" hasOnlySubstanceUnits="true" metaid="iBioSim1" boundaryCondition="false" compartment="Cell"/>
      <species id="TetR" constant="false" initialAmount="0" hasOnlySubstanceUnits="true" metaid="iBioSim3" boundaryCondition="false" compartment="Cell"/>
      <species id="GFP" constant="false" initialAmount="0" hasOnlySubstanceUnits="true" metaid="iBioSim4" boundaryCondition="false" compartment="Cell"/>
      <species id="pLac" constant="false" initialAmount="2" hasOnlySubstanceUnits="true" metaid="iBioSim5" boundaryCondition="false" sboTerm="SBO:0000590" compartment="Cell"/>
    </listOfSpecies>
    <listOfParameters>
      <parameter id="kr_f" constant="true" name="Forward repression binding rate" value="0.5"/>
      <parameter id="kr_r" constant="true" name="Reverse repression binding rate" value="1"/>
      <parameter id="ka_f" constant="true" name="Forward activation binding rate" value="0.0033"/>
      <parameter id="ka_r" constant="true" name="Reverse activation binding rate" value="1"/>
      <parameter id="ko_f" constant="true" name="Forward RNAP binding rate" value="0.033"/>
      <parameter id="ko_r" constant="true" name="Reverse RNAP binding rate" value="1"/>
      <parameter id="kao_f" constant="true" name="Forward activated RNAP binding rate" value="1"/>
      <parameter id="kao_r" constant="true" name="Reverse activated RNAP binding rate" value="1"/>
      <parameter id="nc" constant="true" name="Stoichiometry of binding" value="2"/>
      <parameter id="nr" constant="true" name="Initial RNAP count" value="30"/>
      <parameter id="ko" constant="true" name="Open complex production rate" value="0.05"/>
      <parameter id="kb" constant="true" name="Basal production rate" value="0.0001"/>
      <parameter id="ng" constant="true" name="Initial promoter count" value="2"/>
      <parameter id="np" constant="true" name="Stoichiometry of production" value="10"/>
      <parameter id="ka" constant="true" name="Activated production rate" value="0.25"/>
    </listOfParameters>
    <listOfReactions>
      <reaction id="Production_pLac" metaid="iBioSim7" reversible="false" sboTerm="SBO:0000589" fast="false" compartment="Cell">
        <listOfProducts>
          <speciesReference constant="true" species="GFP" stoichiometry="10"/>
          <speciesReference constant="true" species="TetR" stoichiometry="10"/>
        </listOfProducts>
        <listOfModifiers>
          <modifierSpeciesReference species="pLac" sboTerm="SBO:0000598"/>
          <modifierSpeciesReference species="LacI" sboTerm="SBO:0000020"/>
        </listOfModifiers>
        <kineticLaw>
          <math xmlns="http://www.w3.org/1998/Math/MathML">          
            <apply>
              <divide/>
              <apply>
                <times/>
                <apply>
                  <times/>
                  <apply>
                    <times/>
                    <ci> pLac </ci>
                    <ci> ko </ci>
                  </apply>
                  <apply>
                    <divide/>
                    <ci> ko_f </ci>
                    <ci> ko_r </ci>
                  </apply>
                </apply>
                <ci> nr </ci>
              </apply>
              <apply>
                <plus/>
                <apply>
                  <plus/>
                  <cn type="integer"> 1 </cn>
                  <apply>
                    <times/>
                    <apply>
                      <divide/>
                      <ci> ko_f </ci>
                      <ci> ko_r </ci>
                    </apply>
                    <ci> nr </ci>
                  </apply>
                </apply>
                <apply>
                  <power/>
                  <apply>
                    <times/>
                    <apply>
                      <divide/>
                      <ci> kr_f </ci>
                      <ci> kr_r </ci>
                    </apply>
                    <ci> LacI </ci>
                  </apply>
                  <ci> nc </ci>
                </apply>
              </apply>
            </apply>
          </math>
                </kineticLaw>
      </reaction>
    </listOfReactions>
  </model>
</sbml>