<?xml version='1.0' encoding='UTF-8' standalone='no'?>
<sbml xmlns="http://www.sbml.org/sbml/level3/version1/core" xmlns:layout="http://www.sbml.org/sbml/level3/version1/layout/version1" level="3" arrays:required="true" fbc:required="false" xmlns:comp="http://www.sbml.org/sbml/level3/version1/comp/version1" xmlns:fbc="http://www.sbml.org/sbml/level3/version1/fbc/version2" comp:required="true" xmlns:arrays="http://www.sbml.org/sbml/level3/version1/arrays/version1" version="1" layout:required="false">
  <model id="AND_pipaH" fbc:strict="false" metaid="iBioSim7">
    <comp:listOfPorts xmlns:comp="http://www.sbml.org/sbml/level3/version1/comp/version1">
      <comp:port comp:idRef="Cell" sboTerm="SBO:0000601" comp:id="compartment__Cell"/>
      <comp:port comp:idRef="ipgC" sboTerm="SBO:0000600" comp:id="input__ipgC"/>
      <comp:port comp:idRef="mxiE" sboTerm="SBO:0000600" comp:id="input__mxiE"/>
      <comp:port comp:idRef="sicA" sboTerm="SBO:0000601" comp:id="output__sicA"/>
    </comp:listOfPorts>
    <layout:listOfLayouts xmlns:layout="http://www.sbml.org/sbml/level3/version1/layout/version1" xmlns:xsi="http://www.w3.org/2001/XMLSchema-instance">
      <layout:layout layout:id="iBioSim">
        <layout:dimensions layout:width="480" layout:height="90"/>
        <layout:listOfCompartmentGlyphs>
          <layout:compartmentGlyph layout:id="Glyph__Cell" layout:compartment="Cell">
            <layout:boundingBox>
              <layout:position layout:x="0" layout:y="0"/>
              <layout:dimensions layout:width="480" layout:height="90"/>
            </layout:boundingBox>
          </layout:compartmentGlyph>
        </layout:listOfCompartmentGlyphs>
        <layout:listOfSpeciesGlyphs>
          <layout:speciesGlyph layout:id="Glyph__ipgC" layout:species="ipgC">
            <layout:boundingBox>
              <layout:position layout:x="10" layout:y="10"/>
              <layout:dimensions layout:width="100" layout:height="30"/>
            </layout:boundingBox>
          </layout:speciesGlyph>
          <layout:speciesGlyph layout:id="Glyph__mxiE" layout:species="mxiE">
            <layout:boundingBox>
              <layout:position layout:x="10" layout:y="50"/>
              <layout:dimensions layout:width="100" layout:height="30"/>
            </layout:boundingBox>
          </layout:speciesGlyph>
          <layout:speciesGlyph layout:id="Glyph__ipgC_mxiE" layout:species="ipgC_mxiE">
            <layout:boundingBox>
              <layout:position layout:x="130" layout:y="30"/>
              <layout:dimensions layout:width="100" layout:height="30"/>
            </layout:boundingBox>
          </layout:speciesGlyph>
          <layout:speciesGlyph layout:id="Glyph__sicA" layout:species="sicA">
            <layout:boundingBox>
              <layout:position layout:x="370" layout:y="30"/>
              <layout:dimensions layout:width="100" layout:height="30"/>
            </layout:boundingBox>
          </layout:speciesGlyph>
          <layout:speciesGlyph layout:id="Glyph__pipaH" layout:species="pipaH">
            <layout:boundingBox>
              <layout:position layout:x="240" layout:y="30"/>
              <layout:dimensions layout:width="100" layout:height="30"/>
            </layout:boundingBox>
          </layout:speciesGlyph>
        </layout:listOfSpeciesGlyphs>
        <layout:listOfReactionGlyphs>
          <layout:reactionGlyph layout:id="Glyph__pipaH__Production__sicA">
            <layout:boundingBox>
              <layout:position layout:x="420" layout:y="45"/>
              <layout:dimensions layout:width="0" layout:height="0"/>
            </layout:boundingBox>
            <layout:listOfSpeciesReferenceGlyphs>
              <layout:speciesReferenceGlyph layout:id="ReferenceGlyph__pipaH__Production__sicA" layout:role="product" layout:speciesGlyph="Glyph__sicA">
                <layout:curve>
                  <layout:listOfCurveSegments>
                    <layout:curveSegment xsi:type="LineSegment">
                      <layout:start layout:x="290" layout:y="45"/>
                      <layout:end layout:x="420" layout:y="45"/>
                    </layout:curveSegment>
                  </layout:listOfCurveSegments>
                </layout:curve>
              </layout:speciesReferenceGlyph>
            </layout:listOfSpeciesReferenceGlyphs>
          </layout:reactionGlyph>
          <layout:reactionGlyph layout:id="Glyph__ipgC_mxiE__activation__pipaH">
            <layout:boundingBox>
              <layout:position layout:x="290" layout:y="45"/>
              <layout:dimensions layout:width="0" layout:height="0"/>
            </layout:boundingBox>
            <layout:listOfSpeciesReferenceGlyphs>
              <layout:speciesReferenceGlyph layout:id="ReferenceGlyph__ipgC_mxiE__activation__pipaH" layout:role="product" layout:speciesGlyph="Glyph__pipaH">
                <layout:curve>
                  <layout:listOfCurveSegments>
                    <layout:curveSegment xsi:type="LineSegment">
                      <layout:start layout:x="180" layout:y="45"/>
                      <layout:end layout:x="290" layout:y="45"/>
                    </layout:curveSegment>
                  </layout:listOfCurveSegments>
                </layout:curve>
              </layout:speciesReferenceGlyph>
            </layout:listOfSpeciesReferenceGlyphs>
          </layout:reactionGlyph>
          <layout:reactionGlyph layout:id="Glyph__ipgC__complex__ipgC_mxiE">
            <layout:boundingBox>
              <layout:position layout:x="180" layout:y="45"/>
              <layout:dimensions layout:width="0" layout:height="0"/>
            </layout:boundingBox>
            <layout:listOfSpeciesReferenceGlyphs>
              <layout:speciesReferenceGlyph layout:id="ReferenceGlyph__ipgC__complex__ipgC_mxiE" layout:role="product" layout:speciesGlyph="Glyph__ipgC_mxiE">
                <layout:curve>
                  <layout:listOfCurveSegments>
                    <layout:curveSegment xsi:type="LineSegment">
                      <layout:start layout:x="60" layout:y="25"/>
                      <layout:end layout:x="180" layout:y="45"/>
                    </layout:curveSegment>
                  </layout:listOfCurveSegments>
                </layout:curve>
              </layout:speciesReferenceGlyph>
            </layout:listOfSpeciesReferenceGlyphs>
          </layout:reactionGlyph>
          <layout:reactionGlyph layout:id="Glyph__mxiE__complex__ipgC_mxiE">
            <layout:boundingBox>
              <layout:position layout:x="180" layout:y="45"/>
              <layout:dimensions layout:width="0" layout:height="0"/>
            </layout:boundingBox>
            <layout:listOfSpeciesReferenceGlyphs>
              <layout:speciesReferenceGlyph layout:id="ReferenceGlyph__mxiE__complex__ipgC_mxiE" layout:role="product" layout:speciesGlyph="Glyph__ipgC_mxiE">
                <layout:curve>
                  <layout:listOfCurveSegments>
                    <layout:curveSegment xsi:type="LineSegment">
                      <layout:start layout:x="60" layout:y="65"/>
                      <layout:end layout:x="180" layout:y="45"/>
                    </layout:curveSegment>
                  </layout:listOfCurveSegments>
                </layout:curve>
              </layout:speciesReferenceGlyph>
            </layout:listOfSpeciesReferenceGlyphs>
          </layout:reactionGlyph>
        </layout:listOfReactionGlyphs>
        <layout:listOfTextGlyphs>
          <layout:textGlyph layout:graphicalObject="Glyph__Cell" layout:id="TextGlyph__Cell" layout:text="Cell">
            <layout:boundingBox>
              <layout:position layout:x="0" layout:y="0"/>
              <layout:dimensions layout:width="480" layout:height="90"/>
            </layout:boundingBox>
          </layout:textGlyph>
          <layout:textGlyph layout:graphicalObject="Glyph__ipgC" layout:id="TextGlyph__ipgC" layout:text="ipgC">
            <layout:boundingBox>
              <layout:position layout:x="10" layout:y="10"/>
              <layout:dimensions layout:width="100" layout:height="30"/>
            </layout:boundingBox>
          </layout:textGlyph>
          <layout:textGlyph layout:graphicalObject="Glyph__mxiE" layout:id="TextGlyph__mxiE" layout:text="mxiE">
            <layout:boundingBox>
              <layout:position layout:x="10" layout:y="50"/>
              <layout:dimensions layout:width="100" layout:height="30"/>
            </layout:boundingBox>
          </layout:textGlyph>
          <layout:textGlyph layout:graphicalObject="Glyph__ipgC_mxiE" layout:id="TextGlyph__ipgC_mxiE" layout:text="ipgC_mxiE">
            <layout:boundingBox>
              <layout:position layout:x="130" layout:y="30"/>
              <layout:dimensions layout:width="100" layout:height="30"/>
            </layout:boundingBox>
          </layout:textGlyph>
          <layout:textGlyph layout:graphicalObject="Glyph__sicA" layout:id="TextGlyph__sicA" layout:text="sicA">
            <layout:boundingBox>
              <layout:position layout:x="370" layout:y="30"/>
              <layout:dimensions layout:width="100" layout:height="30"/>
            </layout:boundingBox>
          </layout:textGlyph>
          <layout:textGlyph layout:graphicalObject="Glyph__pipaH" layout:id="TextGlyph__pipaH" layout:text="pipaH">
            <layout:boundingBox>
              <layout:position layout:x="240" layout:y="30"/>
              <layout:dimensions layout:width="100" layout:height="30"/>
            </layout:boundingBox>
          </layout:textGlyph>
        </layout:listOfTextGlyphs>
      </layout:layout>
    </layout:listOfLayouts>
    <listOfCompartments>
      <compartment id="Cell" constant="true" spatialDimensions="3" size="1"/>
    </listOfCompartments>
    <listOfSpecies>
      <species id="ipgC" constant="false" initialAmount="0" hasOnlySubstanceUnits="true" metaid="iBioSim2" boundaryCondition="false" compartment="Cell"/>
      <species id="mxiE" constant="false" initialAmount="0" hasOnlySubstanceUnits="true" metaid="iBioSim3" boundaryCondition="false" compartment="Cell"/>
      <species id="ipgC_mxiE" constant="false" initialAmount="0" hasOnlySubstanceUnits="true" metaid="iBioSim4" boundaryCondition="false" compartment="Cell"/>
      <species id="sicA" constant="false" initialAmount="0" hasOnlySubstanceUnits="true" metaid="iBioSim5" boundaryCondition="false" compartment="Cell"/>
      <species id="pipaH" constant="false" initialAmount="2" hasOnlySubstanceUnits="true" metaid="iBioSim6" boundaryCondition="false" sboTerm="SBO:0000590" compartment="Cell">
        <annotation>
          <ModelToSBOL xmlns="http://sbolstandard.org/modeltosbol/1.0#">
            <rdf:RDF xmlns:rdf="http://www.w3.org/1999/02/22-rdf-syntax-ns#" xmlns:mts="http://sbolstandard.org/modeltosbol/1.0#">
              <rdf:Description rdf:about="#pipaH">
                <mts:DNAComponents>
                  <rdf:Seq>
                    <rdf:li rdf:resource="http://www.async.ece.utah.edu/pipaH_sicA"/></rdf:Seq></mts:DNAComponents><mts:Strand>+</mts:Strand></rdf:Description></rdf:RDF></ModelToSBOL>
        </annotation>
            </species>
    </listOfSpecies>
    <listOfParameters>
      <parameter id="kr_f" constant="true" name="Forward repression binding rate" metaid="iBioSim1" value="0.5"/>
      <parameter id="kr_r" constant="true" name="Reverse repression binding rate" metaid="iBioSim9" value="1"/>
      <parameter id="ka_f" constant="true" name="Forward activation binding rate" metaid="iBioSim10" value="0.0033"/>
      <parameter id="ka_r" constant="true" name="Reverse activation binding rate" metaid="iBioSim11" value="1"/>
      <parameter id="ko_f" constant="true" name="Forward RNAP binding rate" metaid="iBioSim12" value="0.033"/>
      <parameter id="ko_r" constant="true" name="Reverse RNAP binding rate" metaid="iBioSim13" value="1"/>
      <parameter id="kao_f" constant="true" name="Forward activated RNAP binding rate" metaid="iBioSim14" value="1"/>
      <parameter id="kao_r" constant="true" name="Reverse activated RNAP binding rate" metaid="iBioSim15" value="1"/>
      <parameter id="nc" constant="true" name="Stoichiometry of binding" metaid="iBioSim16" value="2"/>
      <parameter id="nr" constant="true" name="Initial RNAP count" metaid="iBioSim17" value="30"/>
      <parameter id="ko" constant="true" name="Open complex production rate" metaid="iBioSim18" value="0.05"/>
      <parameter id="kb" constant="true" name="Basal production rate" metaid="iBioSim19" value="0.0001"/>
      <parameter id="ng" constant="true" name="Initial promoter count" metaid="iBioSim20" value="2"/>
      <parameter id="np" constant="true" name="Stoichiometry of production" metaid="iBioSim21" value="10"/>
      <parameter id="ka" constant="true" name="Activated production rate" metaid="iBioSim22" value="0.25"/>
      <parameter id="kc_f" constant="true" name="Forward complex formation rate" metaid="iBioSim23" value="0.05"/>
      <parameter id="kc_r" constant="true" name="Reverse complex formation rate" metaid="iBioSim24" value="1"/>
    </listOfParameters>
    <listOfReactions>
      <reaction id="Production_pipaH" metaid="iBioSim26" reversible="false" sboTerm="SBO:0000589" fast="false" compartment="Cell">
        <listOfProducts>
          <speciesReference constant="true" species="sicA" stoichiometry="10"/>
        </listOfProducts>
        <listOfModifiers>
          <modifierSpeciesReference species="pipaH" sboTerm="SBO:0000598"/>
          <modifierSpeciesReference species="ipgC_mxiE" sboTerm="SBO:0000459"/>
        </listOfModifiers>
        <kineticLaw>
          <math xmlns="http://www.w3.org/1998/Math/MathML">          
            <apply>
              <divide/>
              <apply>
                <times/>
                <ci> pipaH </ci>
                <apply>
                  <plus/>
                  <apply>
                    <times/>
                    <apply>
                      <times/>
                      <ci> kb </ci>
                      <apply>
                        <divide/>
                        <ci> ko_f </ci>
                        <ci> ko_r </ci>
                      </apply>
                    </apply>
                    <ci> nr </ci>
                  </apply>
                  <apply>
                    <times/>
                    <apply>
                      <times/>
                      <apply>
                        <times/>
                        <ci> ka </ci>
                        <apply>
                          <divide/>
                          <ci> kao_f </ci>
                          <ci> kao_r </ci>
                        </apply>
                      </apply>
                      <ci> nr </ci>
                    </apply>
                    <apply>
                      <power/>
                      <apply>
                        <times/>
                        <apply>
                          <divide/>
                          <ci> ka_f </ci>
                          <ci> ka_r </ci>
                        </apply>
                        <ci> ipgC_mxiE </ci>
                      </apply>
                      <ci> nc </ci>
                    </apply>
                  </apply>
                </apply>
              </apply>
              <apply>
                <plus/>
                <apply>
                  <plus/>
                  <cn type="integer"> 1 </cn>
                  <apply>
                    <times/>
                    <apply>
                      <divide/>
                      <ci> ko_f </ci>
                      <ci> ko_r </ci>
                    </apply>
                    <ci> nr </ci>
                  </apply>
                </apply>
                <apply>
                  <times/>
                  <apply>
                    <times/>
                    <apply>
                      <divide/>
                      <ci> kao_f </ci>
                      <ci> kao_r </ci>
                    </apply>
                    <ci> nr </ci>
                  </apply>
                  <apply>
                    <power/>
                    <apply>
                      <times/>
                      <apply>
                        <divide/>
                        <ci> ka_f </ci>
                        <ci> ka_r </ci>
                      </apply>
                      <ci> ipgC_mxiE </ci>
                    </apply>
                    <ci> nc </ci>
                  </apply>
                </apply>
              </apply>
            </apply>
          </math>
                </kineticLaw>
      </reaction>
      <reaction id="Complex_ipgC_mxiE" metaid="iBioSim25" reversible="true" sboTerm="SBO:0000177" fast="false" compartment="Cell">
        <listOfReactants>
          <speciesReference constant="true" species="ipgC" stoichiometry="2"/>
          <speciesReference constant="true" species="mxiE" stoichiometry="2"/>
        </listOfReactants>
        <listOfProducts>
          <speciesReference constant="true" species="ipgC_mxiE" stoichiometry="1"/>
        </listOfProducts>
        <kineticLaw>
          <math xmlns="http://www.w3.org/1998/Math/MathML">          
            <apply>
              <minus/>
              <apply>
                <times/>
                <ci> kc_f </ci>
                <apply>
                  <power/>
                  <ci> ipgC </ci>
                  <ci> nc </ci>
                </apply>
                <apply>
                  <power/>
                  <ci> mxiE </ci>
                  <ci> nc </ci>
                </apply>
              </apply>
              <apply>
                <times/>
                <ci> kc_r </ci>
                <ci> ipgC_mxiE </ci>
              </apply>
            </apply>
          </math>
                </kineticLaw>
      </reaction>
    </listOfReactions>
  </model>
</sbml>