<?xml version='1.0' encoding='UTF-8' standalone='no'?>
<sbml xmlns="http://www.sbml.org/sbml/level3/version1/core" xmlns:layout="http://www.sbml.org/sbml/level3/version1/layout/version1" level="3" arrays:required="true" fbc:required="false" xmlns:comp="http://www.sbml.org/sbml/level3/version1/comp/version1" xmlns:fbc="http://www.sbml.org/sbml/level3/version1/fbc/version2" comp:required="true" xmlns:arrays="http://www.sbml.org/sbml/level3/version1/arrays/version1" version="1" layout:required="false">
  <model id="Sensor_3OC6" fbc:strict="false" metaid="iBioSim12">
    <comp:listOfPorts xmlns:comp="http://www.sbml.org/sbml/level3/version1/comp/version1">
      <comp:port comp:idRef="Cell" sboTerm="SBO:0000601" comp:id="compartment__Cell"/>
      <comp:port comp:idRef="_3OC6" sboTerm="SBO:0000600" comp:id="input___3OC6"/>
      <comp:port comp:idRef="exsC" sboTerm="SBO:0000601" comp:id="output__exsC"/>
    </comp:listOfPorts>
    <layout:listOfLayouts xmlns:layout="http://www.sbml.org/sbml/level3/version1/layout/version1" xmlns:xsi="http://www.w3.org/2001/XMLSchema-instance">
      <layout:layout layout:id="iBioSim">
        <layout:dimensions layout:width="490" layout:height="100"/>
        <layout:listOfCompartmentGlyphs>
          <layout:compartmentGlyph layout:id="Glyph__Cell" layout:compartment="Cell">
            <layout:boundingBox>
              <layout:position layout:x="0" layout:y="0"/>
              <layout:dimensions layout:width="490" layout:height="100"/>
            </layout:boundingBox>
          </layout:compartmentGlyph>
        </layout:listOfCompartmentGlyphs>
        <layout:listOfSpeciesGlyphs>
          <layout:speciesGlyph layout:id="Glyph___3OC6" layout:species="_3OC6">
            <layout:boundingBox>
              <layout:position layout:x="10" layout:y="10"/>
              <layout:dimensions layout:width="100" layout:height="30"/>
            </layout:boundingBox>
          </layout:speciesGlyph>
          <layout:speciesGlyph layout:id="Glyph___3OC6_luxR" layout:species="_3OC6_luxR">
            <layout:boundingBox>
              <layout:position layout:x="140" layout:y="10"/>
              <layout:dimensions layout:width="100" layout:height="30"/>
            </layout:boundingBox>
          </layout:speciesGlyph>
          <layout:speciesGlyph layout:id="Glyph__luxR" layout:species="luxR">
            <layout:boundingBox>
              <layout:position layout:x="140" layout:y="60"/>
              <layout:dimensions layout:width="100" layout:height="30"/>
            </layout:boundingBox>
          </layout:speciesGlyph>
          <layout:speciesGlyph layout:id="Glyph__exsC" layout:species="exsC">
            <layout:boundingBox>
              <layout:position layout:x="380" layout:y="10"/>
              <layout:dimensions layout:width="100" layout:height="30"/>
            </layout:boundingBox>
          </layout:speciesGlyph>
          <layout:speciesGlyph layout:id="Glyph__P0" layout:species="P0">
            <layout:boundingBox>
              <layout:position layout:x="10" layout:y="60"/>
              <layout:dimensions layout:width="100" layout:height="30"/>
            </layout:boundingBox>
          </layout:speciesGlyph>
          <layout:speciesGlyph layout:id="Glyph__pLux" layout:species="pLux">
            <layout:boundingBox>
              <layout:position layout:x="250" layout:y="10"/>
              <layout:dimensions layout:width="100" layout:height="30"/>
            </layout:boundingBox>
          </layout:speciesGlyph>
        </layout:listOfSpeciesGlyphs>
        <layout:listOfReactionGlyphs>
          <layout:reactionGlyph layout:id="Glyph___3OC6__complex___3OC6_luxR">
            <layout:boundingBox>
              <layout:position layout:x="190" layout:y="25"/>
              <layout:dimensions layout:width="0" layout:height="0"/>
            </layout:boundingBox>
            <layout:listOfSpeciesReferenceGlyphs>
              <layout:speciesReferenceGlyph layout:id="ReferenceGlyph___3OC6__complex___3OC6_luxR" layout:role="product" layout:speciesGlyph="Glyph___3OC6_luxR">
                <layout:curve>
                  <layout:listOfCurveSegments>
                    <layout:curveSegment xsi:type="LineSegment">
                      <layout:start layout:x="60" layout:y="25"/>
                      <layout:end layout:x="190" layout:y="25"/>
                    </layout:curveSegment>
                  </layout:listOfCurveSegments>
                </layout:curve>
              </layout:speciesReferenceGlyph>
            </layout:listOfSpeciesReferenceGlyphs>
          </layout:reactionGlyph>
          <layout:reactionGlyph layout:id="Glyph__luxR__complex___3OC6_luxR">
            <layout:boundingBox>
              <layout:position layout:x="190" layout:y="25"/>
              <layout:dimensions layout:width="0" layout:height="0"/>
            </layout:boundingBox>
            <layout:listOfSpeciesReferenceGlyphs>
              <layout:speciesReferenceGlyph layout:id="ReferenceGlyph__luxR__complex___3OC6_luxR" layout:role="product" layout:speciesGlyph="Glyph___3OC6_luxR">
                <layout:curve>
                  <layout:listOfCurveSegments>
                    <layout:curveSegment xsi:type="LineSegment">
                      <layout:start layout:x="190" layout:y="75"/>
                      <layout:end layout:x="190" layout:y="25"/>
                    </layout:curveSegment>
                  </layout:listOfCurveSegments>
                </layout:curve>
              </layout:speciesReferenceGlyph>
            </layout:listOfSpeciesReferenceGlyphs>
          </layout:reactionGlyph>
          <layout:reactionGlyph layout:id="Glyph__P0__Production__luxR">
            <layout:boundingBox>
              <layout:position layout:x="190" layout:y="75"/>
              <layout:dimensions layout:width="0" layout:height="0"/>
            </layout:boundingBox>
            <layout:listOfSpeciesReferenceGlyphs>
              <layout:speciesReferenceGlyph layout:id="ReferenceGlyph__P0__Production__luxR" layout:role="product" layout:speciesGlyph="Glyph__luxR">
                <layout:curve>
                  <layout:listOfCurveSegments>
                    <layout:curveSegment xsi:type="LineSegment">
                      <layout:start layout:x="60" layout:y="75"/>
                      <layout:end layout:x="190" layout:y="75"/>
                    </layout:curveSegment>
                  </layout:listOfCurveSegments>
                </layout:curve>
              </layout:speciesReferenceGlyph>
            </layout:listOfSpeciesReferenceGlyphs>
          </layout:reactionGlyph>
          <layout:reactionGlyph layout:id="Glyph__pLux__Production__exsC">
            <layout:boundingBox>
              <layout:position layout:x="430" layout:y="25"/>
              <layout:dimensions layout:width="0" layout:height="0"/>
            </layout:boundingBox>
            <layout:listOfSpeciesReferenceGlyphs>
              <layout:speciesReferenceGlyph layout:id="ReferenceGlyph__pLux__Production__exsC" layout:role="product" layout:speciesGlyph="Glyph__exsC">
                <layout:curve>
                  <layout:listOfCurveSegments>
                    <layout:curveSegment xsi:type="LineSegment">
                      <layout:start layout:x="300" layout:y="25"/>
                      <layout:end layout:x="430" layout:y="25"/>
                    </layout:curveSegment>
                  </layout:listOfCurveSegments>
                </layout:curve>
              </layout:speciesReferenceGlyph>
            </layout:listOfSpeciesReferenceGlyphs>
          </layout:reactionGlyph>
          <layout:reactionGlyph layout:id="Glyph___3OC6_luxR__activation__pLux">
            <layout:boundingBox>
              <layout:position layout:x="300" layout:y="25"/>
              <layout:dimensions layout:width="0" layout:height="0"/>
            </layout:boundingBox>
            <layout:listOfSpeciesReferenceGlyphs>
              <layout:speciesReferenceGlyph layout:id="ReferenceGlyph___3OC6_luxR__activation__pLux" layout:role="product" layout:speciesGlyph="Glyph__pLux">
                <layout:curve>
                  <layout:listOfCurveSegments>
                    <layout:curveSegment xsi:type="LineSegment">
                      <layout:start layout:x="190" layout:y="25"/>
                      <layout:end layout:x="300" layout:y="25"/>
                    </layout:curveSegment>
                  </layout:listOfCurveSegments>
                </layout:curve>
              </layout:speciesReferenceGlyph>
            </layout:listOfSpeciesReferenceGlyphs>
          </layout:reactionGlyph>
        </layout:listOfReactionGlyphs>
        <layout:listOfTextGlyphs>
          <layout:textGlyph layout:graphicalObject="Glyph__Cell" layout:id="TextGlyph__Cell" layout:text="Cell">
            <layout:boundingBox>
              <layout:position layout:x="0" layout:y="0"/>
              <layout:dimensions layout:width="490" layout:height="100"/>
            </layout:boundingBox>
          </layout:textGlyph>
          <layout:textGlyph layout:graphicalObject="Glyph___3OC6" layout:id="TextGlyph___3OC6" layout:text="_3OC6">
            <layout:boundingBox>
              <layout:position layout:x="10" layout:y="10"/>
              <layout:dimensions layout:width="100" layout:height="30"/>
            </layout:boundingBox>
          </layout:textGlyph>
          <layout:textGlyph layout:graphicalObject="Glyph___3OC6_luxR" layout:id="TextGlyph___3OC6_luxR" layout:text="_3OC6_luxR">
            <layout:boundingBox>
              <layout:position layout:x="140" layout:y="10"/>
              <layout:dimensions layout:width="100" layout:height="30"/>
            </layout:boundingBox>
          </layout:textGlyph>
          <layout:textGlyph layout:graphicalObject="Glyph__luxR" layout:id="TextGlyph__luxR" layout:text="luxR">
            <layout:boundingBox>
              <layout:position layout:x="140" layout:y="60"/>
              <layout:dimensions layout:width="100" layout:height="30"/>
            </layout:boundingBox>
          </layout:textGlyph>
          <layout:textGlyph layout:graphicalObject="Glyph__exsC" layout:id="TextGlyph__exsC" layout:text="exsC">
            <layout:boundingBox>
              <layout:position layout:x="380" layout:y="10"/>
              <layout:dimensions layout:width="100" layout:height="30"/>
            </layout:boundingBox>
          </layout:textGlyph>
          <layout:textGlyph layout:graphicalObject="Glyph__P0" layout:id="TextGlyph__P0" layout:text="P0">
            <layout:boundingBox>
              <layout:position layout:x="10" layout:y="60"/>
              <layout:dimensions layout:width="100" layout:height="30"/>
            </layout:boundingBox>
          </layout:textGlyph>
          <layout:textGlyph layout:graphicalObject="Glyph__pLux" layout:id="TextGlyph__pLux" layout:text="pLux">
            <layout:boundingBox>
              <layout:position layout:x="250" layout:y="10"/>
              <layout:dimensions layout:width="100" layout:height="30"/>
            </layout:boundingBox>
          </layout:textGlyph>
        </layout:listOfTextGlyphs>
      </layout:layout>
    </layout:listOfLayouts>
    <listOfCompartments>
      <compartment id="Cell" constant="true" spatialDimensions="3" size="1"/>
    </listOfCompartments>
    <listOfSpecies>
      <species id="_3OC6" constant="false" initialAmount="0" hasOnlySubstanceUnits="true" metaid="iBioSim2" boundaryCondition="false" compartment="Cell"/>
      <species id="_3OC6_luxR" constant="false" initialAmount="0" hasOnlySubstanceUnits="true" metaid="iBioSim3" boundaryCondition="false" compartment="Cell"/>
      <species id="luxR" constant="false" initialAmount="0" hasOnlySubstanceUnits="true" metaid="iBioSim4" boundaryCondition="false" compartment="Cell"/>
      <species id="exsC" constant="false" initialAmount="0" hasOnlySubstanceUnits="true" metaid="iBioSim5" boundaryCondition="false" compartment="Cell"/>
      <species id="P0" constant="false" initialAmount="2" hasOnlySubstanceUnits="true" metaid="iBioSim7" boundaryCondition="false" sboTerm="SBO:0000590" compartment="Cell">
        <annotation>
          <ModelToSBOL xmlns="http://sbolstandard.org/modeltosbol/1.0#">
            <rdf:RDF xmlns:rdf="http://www.w3.org/1999/02/22-rdf-syntax-ns#" xmlns:mts="http://sbolstandard.org/modeltosbol/1.0#">
              <rdf:Description rdf:about="#P0">
                <mts:DNAComponents>
                  <rdf:Seq>
                    <rdf:li rdf:resource="http://www.async.ece.utah.edu/ConPro_luxR"/></rdf:Seq></mts:DNAComponents><mts:Strand>+</mts:Strand></rdf:Description></rdf:RDF></ModelToSBOL>
        </annotation>
            </species>
      <species id="P0_mRNA" constant="false" initialAmount="0" hasOnlySubstanceUnits="true" metaid="iBioSim27" boundaryCondition="false" sboTerm="SBO:0000250" compartment="Cell"/>
      <species id="pLux" constant="false" initialAmount="2" hasOnlySubstanceUnits="true" metaid="iBioSim9" boundaryCondition="false" sboTerm="SBO:0000590" compartment="Cell">
        <annotation>
          <ModelToSBOL xmlns="http://sbolstandard.org/modeltosbol/1.0#">
            <rdf:RDF xmlns:rdf="http://www.w3.org/1999/02/22-rdf-syntax-ns#" xmlns:mts="http://sbolstandard.org/modeltosbol/1.0#">
              <rdf:Description rdf:about="#pLux">
                <mts:DNAComponents>
                  <rdf:Seq>
                    <rdf:li rdf:resource="http://www.async.ece.utah.edu/pLux_exsC"/></rdf:Seq></mts:DNAComponents><mts:Strand>+</mts:Strand></rdf:Description></rdf:RDF></ModelToSBOL>
        </annotation>
            </species>
      <species id="pLux_mRNA" constant="false" initialAmount="0" hasOnlySubstanceUnits="true" metaid="iBioSim28" boundaryCondition="false" sboTerm="SBO:0000250" compartment="Cell"/>
    </listOfSpecies>
    <listOfParameters>
      <parameter id="kc_f" constant="true" name="Forward complex formation rate" metaid="iBioSim1" value="0.05"/>
      <parameter id="kc_r" constant="true" name="Reverse complex formation rate" metaid="iBioSim10" value="1"/>
      <parameter id="nc" constant="true" name="Stoichiometry of binding" metaid="iBioSim11" value="2"/>
      <parameter id="kr_f" constant="true" name="Forward repression binding rate" metaid="iBioSim13" value="0.5"/>
      <parameter id="kr_r" constant="true" name="Reverse repression binding rate" metaid="iBioSim14" value="1"/>
      <parameter id="ka_f" constant="true" name="Forward activation binding rate" metaid="iBioSim15" value="0.0033"/>
      <parameter id="ka_r" constant="true" name="Reverse activation binding rate" metaid="iBioSim16" value="1"/>
      <parameter id="ko_f" constant="true" name="Forward RNAP binding rate" metaid="iBioSim17" value="0.033"/>
      <parameter id="ko_r" constant="true" name="Reverse RNAP binding rate" metaid="iBioSim18" value="1"/>
      <parameter id="kao_f" constant="true" name="Forward activated RNAP binding rate" metaid="iBioSim19" value="1"/>
      <parameter id="kao_r" constant="true" name="Reverse activated RNAP binding rate" metaid="iBioSim20" value="1"/>
      <parameter id="nr" constant="true" name="Initial RNAP count" metaid="iBioSim21" value="30"/>
      <parameter id="ko" constant="true" name="Open complex production rate" metaid="iBioSim22" value="0.05"/>
      <parameter id="kb" constant="true" name="Basal production rate" metaid="iBioSim23" value="0.0001"/>
      <parameter id="ng" constant="true" name="Initial promoter count" metaid="iBioSim24" value="2"/>
      <parameter id="np" constant="true" name="Stoichiometry of production" metaid="iBioSim25" value="10"/>
      <parameter id="ka" constant="true" name="Activated production rate" metaid="iBioSim26" value="0.25"/>
    </listOfParameters>
    <listOfReactions>
      <reaction id="Complex__3OC6_luxR" metaid="iBioSim29" reversible="true" sboTerm="SBO:0000177" fast="false" compartment="Cell">
        <listOfReactants>
          <speciesReference constant="true" species="_3OC6" stoichiometry="2"/>
          <speciesReference constant="true" species="luxR" stoichiometry="2"/>
        </listOfReactants>
        <listOfProducts>
          <speciesReference constant="true" species="_3OC6_luxR" stoichiometry="1"/>
        </listOfProducts>
        <kineticLaw>
          <math xmlns="http://www.w3.org/1998/Math/MathML">          
            <apply>
              <minus/>
              <apply>
                <times/>
                <ci> kc_f </ci>
                <apply>
                  <power/>
                  <ci> _3OC6 </ci>
                  <ci> nc </ci>
                </apply>
                <apply>
                  <power/>
                  <ci> luxR </ci>
                  <ci> nc </ci>
                </apply>
              </apply>
              <apply>
                <times/>
                <ci> kc_r </ci>
                <ci> _3OC6_luxR </ci>
              </apply>
            </apply>
          </math>
                </kineticLaw>
      </reaction>
      <reaction id="Production_P0" metaid="iBioSim6" reversible="false" sboTerm="SBO:0000589" fast="false" compartment="Cell">
        <listOfProducts>
          <speciesReference constant="true" species="P0_mRNA" stoichiometry="10"/>
          <speciesReference constant="true" species="luxR" stoichiometry="10"/>
        </listOfProducts>
        <listOfModifiers>
          <modifierSpeciesReference species="P0" sboTerm="SBO:0000598"/>
        </listOfModifiers>
        <kineticLaw>
          <math xmlns="http://www.w3.org/1998/Math/MathML">          
            <apply>
              <divide/>
              <apply>
                <times/>
                <apply>
                  <times/>
                  <apply>
                    <times/>
                    <ci> P0 </ci>
                    <ci> ko </ci>
                  </apply>
                  <apply>
                    <divide/>
                    <ci> ko_f </ci>
                    <ci> ko_r </ci>
                  </apply>
                </apply>
                <ci> nr </ci>
              </apply>
              <apply>
                <plus/>
                <cn type="integer"> 1 </cn>
                <apply>
                  <times/>
                  <apply>
                    <divide/>
                    <ci> ko_f </ci>
                    <ci> ko_r </ci>
                  </apply>
                  <ci> nr </ci>
                </apply>
              </apply>
            </apply>
          </math>
                </kineticLaw>
      </reaction>
      <reaction id="Production_pLux" metaid="iBioSim8" reversible="false" sboTerm="SBO:0000589" fast="false" compartment="Cell">
        <listOfProducts>
          <speciesReference constant="true" species="pLux_mRNA" stoichiometry="10"/>
          <speciesReference constant="true" species="exsC" stoichiometry="10"/>
        </listOfProducts>
        <listOfModifiers>
          <modifierSpeciesReference species="pLux" sboTerm="SBO:0000598"/>
          <modifierSpeciesReference species="_3OC6_luxR" sboTerm="SBO:0000459"/>
        </listOfModifiers>
        <kineticLaw>
          <math xmlns="http://www.w3.org/1998/Math/MathML">          
            <apply>
              <divide/>
              <apply>
                <times/>
                <ci> pLux </ci>
                <apply>
                  <plus/>
                  <apply>
                    <times/>
                    <apply>
                      <times/>
                      <ci> kb </ci>
                      <apply>
                        <divide/>
                        <ci> ko_f </ci>
                        <ci> ko_r </ci>
                      </apply>
                    </apply>
                    <ci> nr </ci>
                  </apply>
                  <apply>
                    <times/>
                    <apply>
                      <times/>
                      <apply>
                        <times/>
                        <ci> ka </ci>
                        <apply>
                          <divide/>
                          <ci> kao_f </ci>
                          <ci> kao_r </ci>
                        </apply>
                      </apply>
                      <ci> nr </ci>
                    </apply>
                    <apply>
                      <power/>
                      <apply>
                        <times/>
                        <apply>
                          <divide/>
                          <ci> ka_f </ci>
                          <ci> ka_r </ci>
                        </apply>
                        <ci> _3OC6_luxR </ci>
                      </apply>
                      <ci> nc </ci>
                    </apply>
                  </apply>
                </apply>
              </apply>
              <apply>
                <plus/>
                <apply>
                  <plus/>
                  <cn type="integer"> 1 </cn>
                  <apply>
                    <times/>
                    <apply>
                      <divide/>
                      <ci> ko_f </ci>
                      <ci> ko_r </ci>
                    </apply>
                    <ci> nr </ci>
                  </apply>
                </apply>
                <apply>
                  <times/>
                  <apply>
                    <times/>
                    <apply>
                      <divide/>
                      <ci> kao_f </ci>
                      <ci> kao_r </ci>
                    </apply>
                    <ci> nr </ci>
                  </apply>
                  <apply>
                    <power/>
                    <apply>
                      <times/>
                      <apply>
                        <divide/>
                        <ci> ka_f </ci>
                        <ci> ka_r </ci>
                      </apply>
                      <ci> _3OC6_luxR </ci>
                    </apply>
                    <ci> nc </ci>
                  </apply>
                </apply>
              </apply>
            </apply>
          </math>
                </kineticLaw>
      </reaction>
    </listOfReactions>
  </model>
</sbml>