<?xml version='1.0' encoding='UTF-8' standalone='no'?>
<sbml xmlns="http://www.sbml.org/sbml/level3/version1/core" xmlns:layout="http://www.sbml.org/sbml/level3/version1/layout/version1" level="3" arrays:required="true" fbc:required="false" xmlns:comp="http://www.sbml.org/sbml/level3/version1/comp/version1" xmlns:fbc="http://www.sbml.org/sbml/level3/version1/fbc/version2" comp:required="true" xmlns:arrays="http://www.sbml.org/sbml/level3/version1/arrays/version1" version="1" layout:required="false">
  <model id="Sensor_Ara" fbc:strict="false" metaid="iBioSim5">
    <comp:listOfPorts xmlns:comp="http://www.sbml.org/sbml/level3/version1/comp/version1">
      <comp:port comp:idRef="Cell" sboTerm="SBO:0000601" comp:id="compartment__Cell"/>
      <comp:port comp:idRef="Ara" sboTerm="SBO:0000600" comp:id="input__Ara"/>
      <comp:port comp:idRef="ipgC" sboTerm="SBO:0000601" comp:id="output__ipgC"/>
    </comp:listOfPorts>
    <layout:listOfLayouts xmlns:layout="http://www.sbml.org/sbml/level3/version1/layout/version1" xmlns:xsi="http://www.w3.org/2001/XMLSchema-instance">
      <layout:layout layout:id="iBioSim">
        <layout:dimensions layout:width="490" layout:height="100"/>
        <layout:listOfCompartmentGlyphs>
          <layout:compartmentGlyph layout:id="Glyph__Cell" layout:compartment="Cell">
            <layout:boundingBox>
              <layout:position layout:x="0" layout:y="0"/>
              <layout:dimensions layout:width="490" layout:height="100"/>
            </layout:boundingBox>
          </layout:compartmentGlyph>
        </layout:listOfCompartmentGlyphs>
        <layout:listOfSpeciesGlyphs>
          <layout:speciesGlyph layout:id="Glyph__P0" layout:species="P0">
            <layout:boundingBox>
              <layout:position layout:x="10" layout:y="60"/>
              <layout:dimensions layout:width="100" layout:height="30"/>
            </layout:boundingBox>
          </layout:speciesGlyph>
          <layout:speciesGlyph layout:id="Glyph__pBAD" layout:species="pBAD">
            <layout:boundingBox>
              <layout:position layout:x="250" layout:y="10"/>
              <layout:dimensions layout:width="100" layout:height="30"/>
            </layout:boundingBox>
          </layout:speciesGlyph>
          <layout:speciesGlyph layout:id="Glyph__araC" layout:species="araC">
            <layout:boundingBox>
              <layout:position layout:x="140" layout:y="60"/>
              <layout:dimensions layout:width="100" layout:height="30"/>
            </layout:boundingBox>
          </layout:speciesGlyph>
          <layout:speciesGlyph layout:id="Glyph__Ara" layout:species="Ara">
            <layout:boundingBox>
              <layout:position layout:x="10" layout:y="10"/>
              <layout:dimensions layout:width="100" layout:height="30"/>
            </layout:boundingBox>
          </layout:speciesGlyph>
          <layout:speciesGlyph layout:id="Glyph__Ara_araC" layout:species="Ara_araC">
            <layout:boundingBox>
              <layout:position layout:x="140" layout:y="10"/>
              <layout:dimensions layout:width="100" layout:height="30"/>
            </layout:boundingBox>
          </layout:speciesGlyph>
          <layout:speciesGlyph layout:id="Glyph__ipgC" layout:species="ipgC">
            <layout:boundingBox>
              <layout:position layout:x="380" layout:y="10"/>
              <layout:dimensions layout:width="100" layout:height="30"/>
            </layout:boundingBox>
          </layout:speciesGlyph>
        </layout:listOfSpeciesGlyphs>
        <layout:listOfReactionGlyphs>
          <layout:reactionGlyph layout:id="Glyph__P0__Production__araC">
            <layout:boundingBox>
              <layout:position layout:x="190" layout:y="75"/>
              <layout:dimensions layout:width="0" layout:height="0"/>
            </layout:boundingBox>
            <layout:listOfSpeciesReferenceGlyphs>
              <layout:speciesReferenceGlyph layout:id="ReferenceGlyph__P0__Production__araC" layout:role="product" layout:speciesGlyph="Glyph__araC">
                <layout:curve>
                  <layout:listOfCurveSegments>
                    <layout:curveSegment xsi:type="LineSegment">
                      <layout:start layout:x="60" layout:y="75"/>
                      <layout:end layout:x="190" layout:y="75"/>
                    </layout:curveSegment>
                  </layout:listOfCurveSegments>
                </layout:curve>
              </layout:speciesReferenceGlyph>
            </layout:listOfSpeciesReferenceGlyphs>
          </layout:reactionGlyph>
          <layout:reactionGlyph layout:id="Glyph__pBAD__Production__ipgC">
            <layout:boundingBox>
              <layout:position layout:x="430" layout:y="25"/>
              <layout:dimensions layout:width="0" layout:height="0"/>
            </layout:boundingBox>
            <layout:listOfSpeciesReferenceGlyphs>
              <layout:speciesReferenceGlyph layout:id="ReferenceGlyph__pBAD__Production__ipgC" layout:role="product" layout:speciesGlyph="Glyph__ipgC">
                <layout:curve>
                  <layout:listOfCurveSegments>
                    <layout:curveSegment xsi:type="LineSegment">
                      <layout:start layout:x="300" layout:y="25"/>
                      <layout:end layout:x="430" layout:y="25"/>
                    </layout:curveSegment>
                  </layout:listOfCurveSegments>
                </layout:curve>
              </layout:speciesReferenceGlyph>
            </layout:listOfSpeciesReferenceGlyphs>
          </layout:reactionGlyph>
          <layout:reactionGlyph layout:id="Glyph__Ara_araC__activation__pBAD">
            <layout:boundingBox>
              <layout:position layout:x="300" layout:y="25"/>
              <layout:dimensions layout:width="0" layout:height="0"/>
            </layout:boundingBox>
            <layout:listOfSpeciesReferenceGlyphs>
              <layout:speciesReferenceGlyph layout:id="ReferenceGlyph__Ara_araC__activation__pBAD" layout:role="product" layout:speciesGlyph="Glyph__pBAD">
                <layout:curve>
                  <layout:listOfCurveSegments>
                    <layout:curveSegment xsi:type="LineSegment">
                      <layout:start layout:x="190" layout:y="25"/>
                      <layout:end layout:x="300" layout:y="25"/>
                    </layout:curveSegment>
                  </layout:listOfCurveSegments>
                </layout:curve>
              </layout:speciesReferenceGlyph>
            </layout:listOfSpeciesReferenceGlyphs>
          </layout:reactionGlyph>
          <layout:reactionGlyph layout:id="Glyph__Ara__complex__Ara_araC">
            <layout:boundingBox>
              <layout:position layout:x="190" layout:y="25"/>
              <layout:dimensions layout:width="0" layout:height="0"/>
            </layout:boundingBox>
            <layout:listOfSpeciesReferenceGlyphs>
              <layout:speciesReferenceGlyph layout:id="ReferenceGlyph__Ara__complex__Ara_araC" layout:role="product" layout:speciesGlyph="Glyph__Ara_araC">
                <layout:curve>
                  <layout:listOfCurveSegments>
                    <layout:curveSegment xsi:type="LineSegment">
                      <layout:start layout:x="60" layout:y="25"/>
                      <layout:end layout:x="190" layout:y="25"/>
                    </layout:curveSegment>
                  </layout:listOfCurveSegments>
                </layout:curve>
              </layout:speciesReferenceGlyph>
            </layout:listOfSpeciesReferenceGlyphs>
          </layout:reactionGlyph>
          <layout:reactionGlyph layout:id="Glyph__araC__complex__Ara_araC">
            <layout:boundingBox>
              <layout:position layout:x="190" layout:y="25"/>
              <layout:dimensions layout:width="0" layout:height="0"/>
            </layout:boundingBox>
            <layout:listOfSpeciesReferenceGlyphs>
              <layout:speciesReferenceGlyph layout:id="ReferenceGlyph__araC__complex__Ara_araC" layout:role="product" layout:speciesGlyph="Glyph__Ara_araC">
                <layout:curve>
                  <layout:listOfCurveSegments>
                    <layout:curveSegment xsi:type="LineSegment">
                      <layout:start layout:x="190" layout:y="75"/>
                      <layout:end layout:x="190" layout:y="25"/>
                    </layout:curveSegment>
                  </layout:listOfCurveSegments>
                </layout:curve>
              </layout:speciesReferenceGlyph>
            </layout:listOfSpeciesReferenceGlyphs>
          </layout:reactionGlyph>
        </layout:listOfReactionGlyphs>
        <layout:listOfTextGlyphs>
          <layout:textGlyph layout:graphicalObject="Glyph__Cell" layout:id="TextGlyph__Cell" layout:text="Cell">
            <layout:boundingBox>
              <layout:position layout:x="0" layout:y="0"/>
              <layout:dimensions layout:width="490" layout:height="100"/>
            </layout:boundingBox>
          </layout:textGlyph>
          <layout:textGlyph layout:graphicalObject="Glyph__P0" layout:id="TextGlyph__P0" layout:text="P0">
            <layout:boundingBox>
              <layout:position layout:x="10" layout:y="60"/>
              <layout:dimensions layout:width="100" layout:height="30"/>
            </layout:boundingBox>
          </layout:textGlyph>
          <layout:textGlyph layout:graphicalObject="Glyph__pBAD" layout:id="TextGlyph__pBAD" layout:text="pBAD">
            <layout:boundingBox>
              <layout:position layout:x="250" layout:y="10"/>
              <layout:dimensions layout:width="100" layout:height="30"/>
            </layout:boundingBox>
          </layout:textGlyph>
          <layout:textGlyph layout:graphicalObject="Glyph__araC" layout:id="TextGlyph__araC" layout:text="araC">
            <layout:boundingBox>
              <layout:position layout:x="140" layout:y="60"/>
              <layout:dimensions layout:width="100" layout:height="30"/>
            </layout:boundingBox>
          </layout:textGlyph>
          <layout:textGlyph layout:graphicalObject="Glyph__Ara" layout:id="TextGlyph__Ara" layout:text="Ara">
            <layout:boundingBox>
              <layout:position layout:x="10" layout:y="10"/>
              <layout:dimensions layout:width="100" layout:height="30"/>
            </layout:boundingBox>
          </layout:textGlyph>
          <layout:textGlyph layout:graphicalObject="Glyph__Ara_araC" layout:id="TextGlyph__Ara_araC" layout:text="Ara_araC">
            <layout:boundingBox>
              <layout:position layout:x="140" layout:y="10"/>
              <layout:dimensions layout:width="100" layout:height="30"/>
            </layout:boundingBox>
          </layout:textGlyph>
          <layout:textGlyph layout:graphicalObject="Glyph__ipgC" layout:id="TextGlyph__ipgC" layout:text="ipgC">
            <layout:boundingBox>
              <layout:position layout:x="380" layout:y="10"/>
              <layout:dimensions layout:width="100" layout:height="30"/>
            </layout:boundingBox>
          </layout:textGlyph>
        </layout:listOfTextGlyphs>
      </layout:layout>
    </layout:listOfLayouts>
    <listOfCompartments>
      <compartment id="Cell" constant="true" spatialDimensions="3" size="1"/>
    </listOfCompartments>
    <listOfSpecies>
      <species id="P0" constant="false" initialAmount="2" hasOnlySubstanceUnits="true" metaid="iBioSim2" boundaryCondition="false" sboTerm="SBO:0000590" compartment="Cell">
        <annotation>
          <ModelToSBOL xmlns="http://sbolstandard.org/modeltosbol/1.0#">
            <rdf:RDF xmlns:rdf="http://www.w3.org/1999/02/22-rdf-syntax-ns#" xmlns:mts="http://sbolstandard.org/modeltosbol/1.0#">
              <rdf:Description rdf:about="#P0">
                <mts:DNAComponents>
                  <rdf:Seq>
                    <rdf:li rdf:resource="http://www.async.ece.utah.edu/ConPro_araC"/></rdf:Seq></mts:DNAComponents><mts:Strand>+</mts:Strand></rdf:Description></rdf:RDF></ModelToSBOL>
        </annotation>
            </species>
      <species id="P0_mRNA" constant="false" initialAmount="0" hasOnlySubstanceUnits="true" metaid="iBioSim27" boundaryCondition="false" sboTerm="SBO:0000250" compartment="Cell"/>
      <species id="pBAD" constant="false" initialAmount="2" hasOnlySubstanceUnits="true" metaid="iBioSim4" boundaryCondition="false" sboTerm="SBO:0000590" compartment="Cell">
        <annotation>
          <ModelToSBOL xmlns="http://sbolstandard.org/modeltosbol/1.0#">
            <rdf:RDF xmlns:rdf="http://www.w3.org/1999/02/22-rdf-syntax-ns#" xmlns:mts="http://sbolstandard.org/modeltosbol/1.0#">
              <rdf:Description rdf:about="#pBAD">
                <mts:DNAComponents>
                  <rdf:Seq>
                    <rdf:li rdf:resource="http://www.async.ece.utah.edu/pBAD_ipgC"/></rdf:Seq></mts:DNAComponents><mts:Strand>+</mts:Strand></rdf:Description></rdf:RDF></ModelToSBOL>
        </annotation>
            </species>
      <species id="pBAD_mRNA" constant="false" initialAmount="0" hasOnlySubstanceUnits="true" metaid="iBioSim28" boundaryCondition="false" sboTerm="SBO:0000250" compartment="Cell"/>
      <species id="araC" constant="false" initialAmount="0" hasOnlySubstanceUnits="true" metaid="iBioSim9" boundaryCondition="false" compartment="Cell"/>
      <species id="Ara" constant="false" initialAmount="0" hasOnlySubstanceUnits="true" metaid="iBioSim10" boundaryCondition="false" compartment="Cell"/>
      <species id="Ara_araC" constant="false" initialAmount="0" hasOnlySubstanceUnits="true" metaid="iBioSim14" boundaryCondition="false" compartment="Cell"/>
      <species id="ipgC" constant="false" initialAmount="0" hasOnlySubstanceUnits="true" metaid="iBioSim16" boundaryCondition="false" compartment="Cell"/>
    </listOfSpecies>
    <listOfParameters>
      <parameter id="kr_f" constant="true" name="Forward repression binding rate" metaid="iBioSim1" value="0.5"/>
      <parameter id="kr_r" constant="true" name="Reverse repression binding rate" metaid="iBioSim7" value="1"/>
      <parameter id="ka_f" constant="true" name="Forward activation binding rate" metaid="iBioSim8" value="0.0033"/>
      <parameter id="ka_r" constant="true" name="Reverse activation binding rate" metaid="iBioSim11" value="1"/>
      <parameter id="ko_f" constant="true" name="Forward RNAP binding rate" metaid="iBioSim12" value="0.033"/>
      <parameter id="ko_r" constant="true" name="Reverse RNAP binding rate" metaid="iBioSim13" value="1"/>
      <parameter id="kao_f" constant="true" name="Forward activated RNAP binding rate" metaid="iBioSim15" value="1"/>
      <parameter id="kao_r" constant="true" name="Reverse activated RNAP binding rate" metaid="iBioSim17" value="1"/>
      <parameter id="nc" constant="true" name="Stoichiometry of binding" metaid="iBioSim18" value="2"/>
      <parameter id="nr" constant="true" name="Initial RNAP count" metaid="iBioSim19" value="30"/>
      <parameter id="ko" constant="true" name="Open complex production rate" metaid="iBioSim20" value="0.05"/>
      <parameter id="kb" constant="true" name="Basal production rate" metaid="iBioSim21" value="0.0001"/>
      <parameter id="ng" constant="true" name="Initial promoter count" metaid="iBioSim22" value="2"/>
      <parameter id="np" constant="true" name="Stoichiometry of production" metaid="iBioSim23" value="10"/>
      <parameter id="ka" constant="true" name="Activated production rate" metaid="iBioSim24" value="0.25"/>
      <parameter id="kc_f" constant="true" name="Forward complex formation rate" metaid="iBioSim25" value="0.05"/>
      <parameter id="kc_r" constant="true" name="Reverse complex formation rate" metaid="iBioSim26" value="1"/>
    </listOfParameters>
    <listOfReactions>
      <reaction id="Production_P0" metaid="iBioSim30" reversible="false" sboTerm="SBO:0000589" fast="false" compartment="Cell">
        <listOfProducts>
          <speciesReference constant="true" species="P0_mRNA" stoichiometry="10"/>
          <speciesReference constant="true" species="araC" stoichiometry="10"/>
        </listOfProducts>
        <listOfModifiers>
          <modifierSpeciesReference species="P0" sboTerm="SBO:0000598"/>
        </listOfModifiers>
        <kineticLaw>
          <math xmlns="http://www.w3.org/1998/Math/MathML">          
            <apply>
              <divide/>
              <apply>
                <times/>
                <apply>
                  <times/>
                  <apply>
                    <times/>
                    <ci> P0 </ci>
                    <ci> ko </ci>
                  </apply>
                  <apply>
                    <divide/>
                    <ci> ko_f </ci>
                    <ci> ko_r </ci>
                  </apply>
                </apply>
                <ci> nr </ci>
              </apply>
              <apply>
                <plus/>
                <cn type="integer"> 1 </cn>
                <apply>
                  <times/>
                  <apply>
                    <divide/>
                    <ci> ko_f </ci>
                    <ci> ko_r </ci>
                  </apply>
                  <ci> nr </ci>
                </apply>
              </apply>
            </apply>
          </math>
                </kineticLaw>
      </reaction>
      <reaction id="Production_pBAD" metaid="iBioSim31" reversible="false" sboTerm="SBO:0000589" fast="false" compartment="Cell">
        <listOfProducts>
          <speciesReference constant="true" species="pBAD_mRNA" stoichiometry="10"/>
          <speciesReference constant="true" species="ipgC" stoichiometry="10"/>
        </listOfProducts>
        <listOfModifiers>
          <modifierSpeciesReference species="pBAD" sboTerm="SBO:0000598"/>
          <modifierSpeciesReference species="Ara_araC" sboTerm="SBO:0000459"/>
        </listOfModifiers>
        <kineticLaw>
          <math xmlns="http://www.w3.org/1998/Math/MathML">          
            <apply>
              <divide/>
              <apply>
                <times/>
                <ci> pBAD </ci>
                <apply>
                  <plus/>
                  <apply>
                    <times/>
                    <apply>
                      <times/>
                      <ci> kb </ci>
                      <apply>
                        <divide/>
                        <ci> ko_f </ci>
                        <ci> ko_r </ci>
                      </apply>
                    </apply>
                    <ci> nr </ci>
                  </apply>
                  <apply>
                    <times/>
                    <apply>
                      <times/>
                      <apply>
                        <times/>
                        <ci> ka </ci>
                        <apply>
                          <divide/>
                          <ci> kao_f </ci>
                          <ci> kao_r </ci>
                        </apply>
                      </apply>
                      <ci> nr </ci>
                    </apply>
                    <apply>
                      <power/>
                      <apply>
                        <times/>
                        <apply>
                          <divide/>
                          <ci> ka_f </ci>
                          <ci> ka_r </ci>
                        </apply>
                        <ci> Ara_araC </ci>
                      </apply>
                      <ci> nc </ci>
                    </apply>
                  </apply>
                </apply>
              </apply>
              <apply>
                <plus/>
                <apply>
                  <plus/>
                  <cn type="integer"> 1 </cn>
                  <apply>
                    <times/>
                    <apply>
                      <divide/>
                      <ci> ko_f </ci>
                      <ci> ko_r </ci>
                    </apply>
                    <ci> nr </ci>
                  </apply>
                </apply>
                <apply>
                  <times/>
                  <apply>
                    <times/>
                    <apply>
                      <divide/>
                      <ci> kao_f </ci>
                      <ci> kao_r </ci>
                    </apply>
                    <ci> nr </ci>
                  </apply>
                  <apply>
                    <power/>
                    <apply>
                      <times/>
                      <apply>
                        <divide/>
                        <ci> ka_f </ci>
                        <ci> ka_r </ci>
                      </apply>
                      <ci> Ara_araC </ci>
                    </apply>
                    <ci> nc </ci>
                  </apply>
                </apply>
              </apply>
            </apply>
          </math>
                </kineticLaw>
      </reaction>
      <reaction id="Complex_Ara_araC" metaid="iBioSim29" reversible="true" sboTerm="SBO:0000177" fast="false" compartment="Cell">
        <listOfReactants>
          <speciesReference constant="true" species="Ara" stoichiometry="2"/>
          <speciesReference constant="true" species="araC" stoichiometry="2"/>
        </listOfReactants>
        <listOfProducts>
          <speciesReference constant="true" species="Ara_araC" stoichiometry="1"/>
        </listOfProducts>
        <kineticLaw>
          <math xmlns="http://www.w3.org/1998/Math/MathML">          
            <apply>
              <minus/>
              <apply>
                <times/>
                <ci> kc_f </ci>
                <apply>
                  <power/>
                  <ci> Ara </ci>
                  <ci> nc </ci>
                </apply>
                <apply>
                  <power/>
                  <ci> araC </ci>
                  <ci> nc </ci>
                </apply>
              </apply>
              <apply>
                <times/>
                <ci> kc_r </ci>
                <ci> Ara_araC </ci>
              </apply>
            </apply>
          </math>
                </kineticLaw>
      </reaction>
    </listOfReactions>
  </model>
</sbml>